[Licensing::Module] Trying to connect to existing licensing client channel...
[Licensing::IpcConnector] Successfully connected to: "LicenseClient-Farot" at "2026-03-24T16:23:37.4240356Z"
[Licensing::Client] Code 10 while verifying Licensing Client signature (process Id: 6600, path: "C:/Program Files/Unity Hub/UnityLicensingClient_V1/Unity.Licensing.Client.exe")
[Licensing::Module] LicensingClient has failed validation; ignoring
[Licensing::Client] Handshaking with LicensingClient:
  Version:                 1.17.4+4293ba1
  Session Id:              843c72520895462fb3650b3424a8fcc6
  Correlation Id:          ac16f1531aa4a5c9f7e90123acd19b01
  External correlation Id: 3846707990616449403
  Machine Id:              p5dKzCAZ6fOOnuRfn3AGFy8kWsA=
[Licensing::Module] Successfully connected to LicensingClient on channel: "LicenseClient-Farot" (connect: 0.00s, validation: 0.01s, handshake: 0.02s)
[Licensing::IpcConnector] Successfully connected to: "LicenseClient-Farot-notifications" at "2026-03-24T16:23:37.4539608Z"
[Licensing::Module] Error: Access token is unavailable; failed to update
[Licensing::Client] Successfully updated license
Built from '2022.3/respin/2022.3.62f2-4af31df585-v2' branch; Version is '2022.3.62f2 (7670c08855a9) revision 7762112'; Using compiler version '192829333'; Build Type 'Release'
OS: 'Windows 10  (10.0.19045) 64bit Professional' Language: 'en' Physical Memory: 32605 MB
[Licensing::Client] Successfully resolved entitlement details
[Licensing::Module] Serial number assigned to: "6872459096280-UnityPersXXXX"
BatchMode: 1, IsHumanControllingUs: 0, StartBugReporterOnCrash: 0, Is64bit: 1, IsPro: 0
[Licensing::Client] Successfully resolved entitlement details

COMMAND LINE ARGUMENTS:
C:\Program Files\Unity\Hub\Editor\2022.3.62f2\Editor\Unity.exe
-batchmode
-quit
-projectPath
D:\Dev\Eugene_D2
-executeMethod
AddCannonToLevel10Batch.Run
-logFile
D:\Dev\Eugene_D2\add_cannon_level10.log
Successfully changed project path to: D:\Dev\Eugene_D2
D:/Dev/Eugene_D2
[UnityMemory] Configuration Parameters - Can be set up in boot.config
    "memorysetup-bucket-allocator-granularity=16"
    "memorysetup-bucket-allocator-bucket-count=8"
    "memorysetup-bucket-allocator-block-size=33554432"
    "memorysetup-bucket-allocator-block-count=8"
    "memorysetup-main-allocator-block-size=16777216"
    "memorysetup-thread-allocator-block-size=16777216"
    "memorysetup-gfx-main-allocator-block-size=16777216"
    "memorysetup-gfx-thread-allocator-block-size=16777216"
    "memorysetup-cache-allocator-block-size=4194304"
    "memorysetup-typetree-allocator-block-size=2097152"
    "memorysetup-profiler-bucket-allocator-granularity=16"
    "memorysetup-profiler-bucket-allocator-bucket-count=8"
    "memorysetup-profiler-bucket-allocator-block-size=33554432"
    "memorysetup-profiler-bucket-allocator-block-count=8"
    "memorysetup-profiler-allocator-block-size=16777216"
    "memorysetup-profiler-editor-allocator-block-size=1048576"
    "memorysetup-temp-allocator-size-main=16777216"
    "memorysetup-job-temp-allocator-block-size=2097152"
    "memorysetup-job-temp-allocator-block-size-background=1048576"
    "memorysetup-job-temp-allocator-reduction-small-platforms=262144"
    "memorysetup-allocator-temp-initial-block-size-main=262144"
    "memorysetup-allocator-temp-initial-block-size-worker=262144"
    "memorysetup-temp-allocator-size-background-worker=32768"
    "memorysetup-temp-allocator-size-job-worker=262144"
    "memorysetup-temp-allocator-size-preload-manager=33554432"
    "memorysetup-temp-allocator-size-nav-mesh-worker=65536"
    "memorysetup-temp-allocator-size-audio-worker=65536"
    "memorysetup-temp-allocator-size-cloud-worker=32768"
    "memorysetup-temp-allocator-size-gi-baking-worker=262144"
    "memorysetup-temp-allocator-size-gfx=262144"
Player connection [17744]  Target information:

Player connection [17744]  * "[IP] 192.168.8.227 [Port] 55504 [Flags] 2 [Guid] 948685342 [EditorId] 948685342 [Version] 1048832 [Id] WindowsEditor(7,DESKTOP-94PNVKK) [Debug] 1 [PackageName] WindowsEditor [ProjectName] Editor" 

Player connection [17744] Host joined multi-casting on [225.0.0.222:54997]...
Player connection [17744] Host joined alternative multi-casting on [225.0.0.222:34997]...
Input System module state changed to: Initialized.
[PhysX] Initialized MultithreadedTaskDispatcher with 16 workers.
[Package Manager] UpmClient::Connect -- Connected to IPC stream "Upm-20704" after 0.3 seconds.
[Package Manager] Restoring resolved packages state from cache
[Licensing::Client] Successfully resolved entitlement details
[Package Manager] Registered 68 packages:
  Packages from [https://packages.unity.com]:
    com.unity.addressables@1.22.3 (location: D:\Dev\Eugene_D2\Library\PackageCache\com.unity.addressables@1.22.3)
    com.unity.burst@1.8.23 (location: D:\Dev\Eugene_D2\Library\PackageCache\com.unity.burst@1.8.23)
    com.unity.collab-proxy@2.8.2 (location: D:\Dev\Eugene_D2\Library\PackageCache\com.unity.collab-proxy@2.8.2)
    com.unity.device-simulator.devices@1.0.0 (location: D:\Dev\Eugene_D2\Library\PackageCache\com.unity.device-simulator.devices@1.0.0)
    com.unity.ide.rider@3.0.36 (location: D:\Dev\Eugene_D2\Library\PackageCache\com.unity.ide.rider@3.0.36)
    com.unity.ide.visualstudio@2.0.23 (location: D:\Dev\Eugene_D2\Library\PackageCache\com.unity.ide.visualstudio@2.0.23)
    com.unity.ide.vscode@1.2.5 (location: D:\Dev\Eugene_D2\Library\PackageCache\com.unity.ide.vscode@1.2.5)
    com.unity.inputsystem@1.14.0 (location: D:\Dev\Eugene_D2\Library\PackageCache\com.unity.inputsystem@1.14.0)
    com.unity.mobile.android-logcat@1.4.6 (location: D:\Dev\Eugene_D2\Library\PackageCache\com.unity.mobile.android-logcat@1.4.6)
    com.unity.profiling.core@1.0.2 (location: D:\Dev\Eugene_D2\Library\PackageCache\com.unity.profiling.core@1.0.2)
    com.unity.splines@2.8.2 (location: D:\Dev\Eugene_D2\Library\PackageCache\com.unity.splines@2.8.2)
    com.unity.test-framework@1.1.33 (location: D:\Dev\Eugene_D2\Library\PackageCache\com.unity.test-framework@1.1.33)
    com.unity.textmeshpro@3.0.9 (location: D:\Dev\Eugene_D2\Library\PackageCache\com.unity.textmeshpro@3.0.9)
    com.unity.timeline@1.7.7 (location: D:\Dev\Eugene_D2\Library\PackageCache\com.unity.timeline@1.7.7)
    com.unity.formats.fbx@4.2.1 (location: D:\Dev\Eugene_D2\Library\PackageCache\com.unity.formats.fbx@4.2.1)
    com.unity.toolchain.win-x86_64-linux-x86_64@2.0.11 (location: D:\Dev\Eugene_D2\Library\PackageCache\com.unity.toolchain.win-x86_64-linux-x86_64@2.0.11)
    com.unity.visualscripting@1.9.4 (location: D:\Dev\Eugene_D2\Library\PackageCache\com.unity.visualscripting@1.9.4)
    com.unity.nuget.newtonsoft-json@3.2.1 (location: D:\Dev\Eugene_D2\Library\PackageCache\com.unity.nuget.newtonsoft-json@3.2.1)
    com.unity.sysroot@2.0.10 (location: D:\Dev\Eugene_D2\Library\PackageCache\com.unity.sysroot@2.0.10)
    com.unity.sysroot.linux-x86_64@2.0.9 (location: D:\Dev\Eugene_D2\Library\PackageCache\com.unity.sysroot.linux-x86_64@2.0.9)
    com.autodesk.fbx@4.2.1 (location: D:\Dev\Eugene_D2\Library\PackageCache\com.autodesk.fbx@4.2.1)
    com.unity.ext.nunit@1.0.6 (location: D:\Dev\Eugene_D2\Library\PackageCache\com.unity.ext.nunit@1.0.6)
    com.unity.mathematics@1.2.6 (location: D:\Dev\Eugene_D2\Library\PackageCache\com.unity.mathematics@1.2.6)
    com.unity.settings-manager@2.1.0 (location: D:\Dev\Eugene_D2\Library\PackageCache\com.unity.settings-manager@2.1.0)
    com.unity.scriptablebuildpipeline@1.21.25 (location: D:\Dev\Eugene_D2\Library\PackageCache\com.unity.scriptablebuildpipeline@1.21.25)
    com.unity.localization@1.5.2 (location: D:\Dev\Eugene_D2\Library\PackageCache\com.unity.localization@1.5.2)
    com.unity.searcher@4.9.2 (location: D:\Dev\Eugene_D2\Library\PackageCache\com.unity.searcher@4.9.2)
  Built-in packages:
    com.unity.2d.sprite@1.0.0 (location: D:\Dev\Eugene_D2\Library\PackageCache\com.unity.2d.sprite@1.0.0)
    com.unity.render-pipelines.universal@14.0.12 (location: D:\Dev\Eugene_D2\Library\PackageCache\com.unity.render-pipelines.universal@14.0.12)
    com.unity.ugui@1.0.0 (location: D:\Dev\Eugene_D2\Library\PackageCache\com.unity.ugui@1.0.0)
    com.unity.modules.ai@1.0.0 (location: D:\Dev\Eugene_D2\Library\PackageCache\com.unity.modules.ai@1.0.0)
    com.unity.modules.androidjni@1.0.0 (location: D:\Dev\Eugene_D2\Library\PackageCache\com.unity.modules.androidjni@1.0.0)
    com.unity.modules.animation@1.0.0 (location: D:\Dev\Eugene_D2\Library\PackageCache\com.unity.modules.animation@1.0.0)
    com.unity.modules.assetbundle@1.0.0 (location: D:\Dev\Eugene_D2\Library\PackageCache\com.unity.modules.assetbundle@1.0.0)
    com.unity.modules.audio@1.0.0 (location: D:\Dev\Eugene_D2\Library\PackageCache\com.unity.modules.audio@1.0.0)
    com.unity.modules.director@1.0.0 (location: D:\Dev\Eugene_D2\Library\PackageCache\com.unity.modules.director@1.0.0)
    com.unity.modules.imageconversion@1.0.0 (location: D:\Dev\Eugene_D2\Library\PackageCache\com.unity.modules.imageconversion@1.0.0)
    com.unity.modules.imgui@1.0.0 (location: D:\Dev\Eugene_D2\Library\PackageCache\com.unity.modules.imgui@1.0.0)
    com.unity.modules.jsonserialize@1.0.0 (location: D:\Dev\Eugene_D2\Library\PackageCache\com.unity.modules.jsonserialize@1.0.0)
    com.unity.modules.particlesystem@1.0.0 (location: D:\Dev\Eugene_D2\Library\PackageCache\com.unity.modules.particlesystem@1.0.0)
    com.unity.modules.physics@1.0.0 (location: D:\Dev\Eugene_D2\Library\PackageCache\com.unity.modules.physics@1.0.0)
    com.unity.modules.physics2d@1.0.0 (location: D:\Dev\Eugene_D2\Library\PackageCache\com.unity.modules.physics2d@1.0.0)
    com.unity.modules.screencapture@1.0.0 (location: D:\Dev\Eugene_D2\Library\PackageCache\com.unity.modules.screencapture@1.0.0)
    com.unity.modules.terrain@1.0.0 (location: D:\Dev\Eugene_D2\Library\PackageCache\com.unity.modules.terrain@1.0.0)
    com.unity.modules.terrainphysics@1.0.0 (location: D:\Dev\Eugene_D2\Library\PackageCache\com.unity.modules.terrainphysics@1.0.0)
    com.unity.modules.tilemap@1.0.0 (location: D:\Dev\Eugene_D2\Library\PackageCache\com.unity.modules.tilemap@1.0.0)
    com.unity.modules.ui@1.0.0 (location: D:\Dev\Eugene_D2\Library\PackageCache\com.unity.modules.ui@1.0.0)
    com.unity.modules.uielements@1.0.0 (location: D:\Dev\Eugene_D2\Library\PackageCache\com.unity.modules.uielements@1.0.0)
    com.unity.modules.umbra@1.0.0 (location: D:\Dev\Eugene_D2\Library\PackageCache\com.unity.modules.umbra@1.0.0)
    com.unity.modules.unityanalytics@1.0.0 (location: D:\Dev\Eugene_D2\Library\PackageCache\com.unity.modules.unityanalytics@1.0.0)
    com.unity.modules.unitywebrequest@1.0.0 (location: D:\Dev\Eugene_D2\Library\PackageCache\com.unity.modules.unitywebrequest@1.0.0)
    com.unity.modules.unitywebrequestassetbundle@1.0.0 (location: D:\Dev\Eugene_D2\Library\PackageCache\com.unity.modules.unitywebrequestassetbundle@1.0.0)
    com.unity.modules.unitywebrequestaudio@1.0.0 (location: D:\Dev\Eugene_D2\Library\PackageCache\com.unity.modules.unitywebrequestaudio@1.0.0)
    com.unity.modules.unitywebrequesttexture@1.0.0 (location: D:\Dev\Eugene_D2\Library\PackageCache\com.unity.modules.unitywebrequesttexture@1.0.0)
    com.unity.modules.unitywebrequestwww@1.0.0 (location: D:\Dev\Eugene_D2\Library\PackageCache\com.unity.modules.unitywebrequestwww@1.0.0)
    com.unity.modules.video@1.0.0 (location: D:\Dev\Eugene_D2\Library\PackageCache\com.unity.modules.video@1.0.0)
    com.unity.render-pipelines.core@14.0.12 (location: D:\Dev\Eugene_D2\Library\PackageCache\com.unity.render-pipelines.core@14.0.12)
    com.unity.shadergraph@14.0.12 (location: D:\Dev\Eugene_D2\Library\PackageCache\com.unity.shadergraph@14.0.12)
    com.unity.render-pipelines.universal-config@14.0.10 (location: D:\Dev\Eugene_D2\Library\PackageCache\com.unity.render-pipelines.universal-config@14.0.10)
  Git packages:
    com.codewriter.triinspector@https://github.com/codewriter-packages/Tri-Inspector.git (location: D:\Dev\Eugene_D2\Library\PackageCache\com.codewriter.triinspector@9e4299e070)
    com.coffee.softmask-for-ugui@https://github.com/mob-sakai/SoftMaskForUGUI.git?path=Packages/src (location: D:\Dev\Eugene_D2\Library\PackageCache\com.coffee.softmask-for-ugui@f9868197c0)
    com.coffee.ui-particle@https://github.com/mob-sakai/ParticleEffectForUGUI.git#4.9.0 (location: D:\Dev\Eugene_D2\Library\PackageCache\com.coffee.ui-particle@4dfcb9075e)
    com.cysharp.r3@https://github.com/Cysharp/R3.git?path=src/R3.Unity/Assets/R3.Unity (location: D:\Dev\Eugene_D2\Library\PackageCache\com.cysharp.r3@fbc12b2c0b)
    com.cysharp.unitask@https://github.com/Cysharp/UniTask.git?path=src/UniTask/Assets/Plugins/UniTask (location: D:\Dev\Eugene_D2\Library\PackageCache\com.cysharp.unitask@06067cd4c8)
    com.github-glitchenzo.nugetforunity@https://github.com/GlitchEnzo/NuGetForUnity.git?path=/src/NuGetForUnity (location: D:\Dev\Eugene_D2\Library\PackageCache\com.github-glitchenzo.nugetforunity@f8f1902ebe)
    com.gwiazdorrr.betterstreamingassets@https://github.com/gwiazdorrr/BetterStreamingAssets.git (location: D:\Dev\Eugene_D2\Library\PackageCache\com.gwiazdorrr.betterstreamingassets@2bdc568484)
    jp.hadashikick.vcontainer@https://github.com/hadashiA/VContainer.git?path=VContainer/Assets/VContainer#1.16.8 (location: D:\Dev\Eugene_D2\Library\PackageCache\jp.hadashikick.vcontainer@5e6f5cc14b)
    io.saygames.services@https://gitlab+deploy-token-12:gldt-qfDuc8cx3srNh7X-EigY@gitlab.saygames.io/saykit/sg-services.git?path=/Packages/SayGamesServices#v1.1.53 (location: D:\Dev\Eugene_D2\Library\PackageCache\io.saygames.services@57d75d7802)
[Subsystems] No new subsystems found in resolved package list.
Package Manager log level set to [2]
[Package Manager] Done registering packages in 0.21 seconds
Artifact Garbage Collection - Removed 27 unused hashed content files
[Licensing::Client] Successfully resolved entitlement details
Refreshing native plugins compatible for Editor in 11.89 ms, found 5 plugins.
Preloading 0 native plugins for Editor in 0.00 ms.
Initialize engine version: 2022.3.62f2 (7670c08855a9)
[Subsystems] Discovering subsystems at path C:/Program Files/Unity/Hub/Editor/2022.3.62f2/Editor/Data/Resources/UnitySubsystems
[Subsystems] Discovering subsystems at path D:/Dev/Eugene_D2/Assets
GfxDevice: creating device client; threaded=0; jobified=0
Direct3D:
    Version:  Direct3D 11.0 [level 11.1]
    Renderer: NVIDIA GeForce RTX 4070 (ID=0x2786)
    Vendor:   NVIDIA
    VRAM:     12012 MB
    Driver:   32.0.15.6094
[Licensing::Client] Successfully resolved entitlement details
Initialize mono
Mono path[0] = 'C:/Program Files/Unity/Hub/Editor/2022.3.62f2/Editor/Data/Managed'
Mono path[1] = 'C:/Program Files/Unity/Hub/Editor/2022.3.62f2/Editor/Data/MonoBleedingEdge/lib/mono/unityjit-win32'
Mono config path = 'C:/Program Files/Unity/Hub/Editor/2022.3.62f2/Editor/Data/MonoBleedingEdge/etc'
Using monoOptions --debugger-agent=transport=dt_socket,embedding=1,server=y,suspend=n,address=127.0.0.1:56704
Using cacheserver namespaces - metadata:defaultmetadata, artifacts:defaultartifacts
Using cacheserver namespaces - metadata:defaultmetadata, artifacts:defaultartifacts
ImportWorker Server TCP listen port: 0
Begin MonoManager ReloadAssembly
Registering precompiled unity dll's ...
Register platform support module: C:/Program Files/Unity/Hub/Editor/2022.3.62f2/Editor/Data/PlaybackEngines/AndroidPlayer/UnityEditor.Android.Extensions.dll
[Licensing::Client] Successfully resolved entitlement details
Register platform support module: C:/Program Files/Unity/Hub/Editor/2022.3.62f2/Editor/Data/PlaybackEngines/iOSSupport/UnityEditor.iOS.Extensions.dll
Register platform support module: C:/Program Files/Unity/Hub/Editor/2022.3.62f2/Editor/Data/PlaybackEngines/WindowsStandaloneSupport/UnityEditor.WindowsStandalone.Extensions.dll
Registered in 0.019684 seconds.
- Loaded All Assemblies, in  0.264 seconds
Native extension for WindowsStandalone target not found
[usbmuxd] Start listen thread
[usbmuxd] Listen thread started
Native extension for iOS target not found
Native extension for Android target not found
Android Extension - Scanning For ADB Devices 169 ms
Mono: successfully reloaded assembly
- Finished resetting the current domain, in  0.427 seconds
Domain Reload Profiling: 689ms
	BeginReloadAssembly (73ms)
		ExecutionOrderSort (0ms)
		DisableScriptedObjects (0ms)
		BackupInstance (0ms)
		ReleaseScriptingObjects (0ms)
		CreateAndSetChildDomain (1ms)
	RebuildCommonClasses (23ms)
	RebuildNativeTypeToScriptingClass (8ms)
	initialDomainReloadingComplete (57ms)
	LoadAllAssembliesAndSetupDomain (102ms)
		LoadAssemblies (71ms)
		RebuildTransferFunctionScriptingTraits (0ms)
		AnalyzeDomain (100ms)
			TypeCache.Refresh (99ms)
				TypeCache.ScanAssembly (90ms)
			ScanForSourceGeneratedMonoScriptInfo (0ms)
			ResolveRequiredComponents (0ms)
	FinalizeReload (427ms)
		ReleaseScriptCaches (0ms)
		RebuildScriptCaches (0ms)
		SetupLoadedEditorAssemblies (393ms)
			LogAssemblyErrors (0ms)
			InitializePlatformSupportModulesInManaged (264ms)
			SetLoadedEditorAssemblies (4ms)
			RefreshPlugins (0ms)
			BeforeProcessingInitializeOnLoad (2ms)
			ProcessInitializeOnLoadAttributes (88ms)
			ProcessInitializeOnLoadMethodAttributes (36ms)
			AfterProcessingInitializeOnLoad (0ms)
			EditorAssembliesLoaded (0ms)
		ExecutionOrderSort2 (0ms)
		AwakeInstancesAfterBackupRestoration (0ms)
[Licensing::Client] Successfully resolved entitlement details
[Licensing::Client] Successfully resolved entitlement details
Application.AssetDatabase Initial Refresh Start
[ScriptCompilation] Requested script compilation because: Assetdatabase observed changes in script compilation related files
info: Microsoft.Hosting.Lifetime[14]
      Now listening on: http://localhost:80
info: Microsoft.Hosting.Lifetime[0]
      Application started. Press Ctrl+C to shut down.
info: Microsoft.Hosting.Lifetime[0]
      Hosting environment: Production
info: Microsoft.Hosting.Lifetime[0]
      Content root path: D:\Dev\Eugene_D2\
info: Microsoft.AspNetCore.Hosting.Diagnostics[1]
      Request starting HTTP/2 POST http://ilpp/UnityILPP.PostProcessing/Ping application/grpc -
info: Microsoft.AspNetCore.Routing.EndpointMiddleware[0]
      Executing endpoint 'gRPC - /UnityILPP.PostProcessing/Ping'
info: Microsoft.AspNetCore.Routing.EndpointMiddleware[1]
      Executed endpoint 'gRPC - /UnityILPP.PostProcessing/Ping'
info: Microsoft.AspNetCore.Hosting.Diagnostics[2]
      Request finished HTTP/2 POST http://ilpp/UnityILPP.PostProcessing/Ping application/grpc - - 200 - application/grpc 26.6935ms
Starting: C:\Program Files\Unity\Hub\Editor\2022.3.62f2\Editor\Data\bee_backend.exe --ipc --defer-dag-verification --dagfile="Library/Bee/1300b0aEDbg.dag" --continue-on-failure --profile="Library/Bee/backend1.traceevents" ScriptAssemblies
WorkingDir: D:/Dev/Eugene_D2
info: Microsoft.AspNetCore.Hosting.Diagnostics[1]
      Request starting HTTP/2 POST http://ilpp/UnityILPP.PostProcessing/ConfigurePostProcessors application/grpc -
info: Microsoft.AspNetCore.Routing.EndpointMiddleware[0]
      Executing endpoint 'gRPC - /UnityILPP.PostProcessing/ConfigurePostProcessors'
warn: Unity.ILPP.Runner.PostProcessingAssemblyLoadContext[0]
      Assembly system.runtime.interopservices.windowsruntime has duplicate hint path. Ignoring "C:\Program Files\Unity\Hub\Editor\2022.3.62f2\Editor\Data\UnityReferenceAssemblies\unity-4.8-api\Facades\System.Runtime.InteropServices.WindowsRuntime.dll" in favor of "C:\Program Files\Unity\Hub\Editor\2022.3.62f2\Editor\Data\NetStandard\Extensions\2.0.0\System.Runtime.InteropServices.WindowsRuntime.dll"
warn: Unity.ILPP.Runner.PostProcessingAssemblyLoadContext[0]
      Assembly system.componentmodel.composition has duplicate hint path. Ignoring "C:\Program Files\Unity\Hub\Editor\2022.3.62f2\Editor\Data\UnityReferenceAssemblies\unity-4.8-api\System.ComponentModel.Composition.dll" in favor of "C:\Program Files\Unity\Hub\Editor\2022.3.62f2\Editor\Data\NetStandard\compat\2.1.0\shims\netfx\System.ComponentModel.Composition.dll"
info: Unity.ILPP.Runner.PostProcessingAssemblyLoadContext[0]
      Resolved Unity.Burst.Cecil, Version=0.11.4.0, Culture=neutral, PublicKeyToken=50cebf1cceb9d05e with Library\PackageCache\com.unity.burst@1.8.23\Unity.Burst.CodeGen\Unity.Burst.Cecil.dll
info: Microsoft.AspNetCore.Routing.EndpointMiddleware[1]
      Executed endpoint 'gRPC - /UnityILPP.PostProcessing/ConfigurePostProcessors'
info: Microsoft.AspNetCore.Hosting.Diagnostics[2]
      Request finished HTTP/2 POST http://ilpp/UnityILPP.PostProcessing/ConfigurePostProcessors application/grpc - - 200 - application/grpc 38.9689ms
DisplayProgressbar: Compiling Scripts
ExitCode: 4 Duration: 0s286ms
[ 957/1276  0s] ILPP-Configuration Library/ilpp-configuration.nevergeneratedoutput
Rebuilding DAG because FileSignature timestamp changed: Library/Bee/1300b0aEDbg-inputdata.json
*** Tundra requires additional run (0.27 seconds), 1 items updated, 1276 evaluated
Starting: C:\Program Files\Unity\Hub\Editor\2022.3.62f2\Editor\Data\Tools\netcorerun\netcorerun.exe "C:\Program Files\Unity\Hub\Editor\2022.3.62f2\Editor\Data\Tools\BuildPipeline\ScriptCompilationBuildProgram.exe" "Library/Bee/1300b0aEDbg.dag.json" "Library/Bee/1300b0aEDbg-inputdata.json" "Library\Bee\buildprogram0.traceevents"
WorkingDir: D:/Dev/Eugene_D2
ExitCode: 0 Duration: 0s696ms
Starting: C:\Program Files\Unity\Hub\Editor\2022.3.62f2\Editor\Data\bee_backend.exe --ipc --defer-dag-verification --dagfile="Library/Bee/1300b0aEDbg.dag" --continue-on-failure --dagfilejson="Library\Bee\1300b0aEDbg.dag.json" --profile="Library/Bee/backend2.traceevents" ScriptAssemblies
WorkingDir: D:/Dev/Eugene_D2
info: Microsoft.AspNetCore.Hosting.Diagnostics[1]
      Request starting HTTP/2 POST http://ilpp/UnityILPP.PostProcessing/ConfigurePostProcessors application/grpc -
info: Microsoft.AspNetCore.Routing.EndpointMiddleware[0]
      Executing endpoint 'gRPC - /UnityILPP.PostProcessing/ConfigurePostProcessors'
info: Unity.ILPP.Runner.PostProcessingAssemblyLoadContext[0]
      Current configuration matches the requested one, skipping
info: Microsoft.AspNetCore.Routing.EndpointMiddleware[1]
      Executed endpoint 'gRPC - /UnityILPP.PostProcessing/ConfigurePostProcessors'
info: Microsoft.AspNetCore.Hosting.Diagnostics[2]
      Request finished HTTP/2 POST http://ilpp/UnityILPP.PostProcessing/ConfigurePostProcessors application/grpc - - 200 - application/grpc 1.2022ms
info: Microsoft.AspNetCore.Hosting.Diagnostics[1]
      Request starting HTTP/2 POST http://ilpp/UnityILPP.PostProcessing/PostProcessAssembly application/grpc -
info: Microsoft.AspNetCore.Routing.EndpointMiddleware[0]
      Executing endpoint 'gRPC - /UnityILPP.PostProcessing/PostProcessAssembly'
info: Unity.ILPP.Runner.PostProcessingPipeline[0]
      Processing assembly Library/Bee/artifacts/1300b0aEDbg.dag/Assembly-CSharp-Editor.dll, with 126 defines and 340 references
info: Unity.ILPP.Runner.PostProcessingPipeline[0]
      processors: zzzUnity.Burst.CodeGen.BurstILPostProcessor
info: Unity.ILPP.Runner.PostProcessingPipeline[0]
      running zzzUnity.Burst.CodeGen.BurstILPostProcessor
info: Unity.ILPP.Runner.PostProcessingAssemblyLoadContext[0]
      Resolved Unity.Burst.Cecil.Rocks, Version=0.11.4.0, Culture=neutral, PublicKeyToken=50cebf1cceb9d05e with Library\PackageCache\com.unity.burst@1.8.23\Unity.Burst.CodeGen\Unity.Burst.Cecil.Rocks.dll
info: Microsoft.AspNetCore.Routing.EndpointMiddleware[1]
      Executed endpoint 'gRPC - /UnityILPP.PostProcessing/PostProcessAssembly'
info: Microsoft.AspNetCore.Hosting.Diagnostics[2]
      Request finished HTTP/2 POST http://ilpp/UnityILPP.PostProcessing/PostProcessAssembly application/grpc - - 200 - application/grpc 134.0638ms
ExitCode: 0 Duration: 1s309ms
Finished compiling graph: 1280 nodes, 19205 flattened edges (15487 ToBuild, 224 ToUse), maximum node priority 1300
[ 663/1276  0s] WriteText Library/Bee/artifacts/1300b0aEDbg.dag/Assembly-CSharp-Editor.rsp
[ 956/1276  0s] ILPP-Configuration Library/ilpp-configuration.nevergeneratedoutput
[1272/1276  0s] Csc Library/Bee/artifacts/1300b0aEDbg.dag/Assembly-CSharp-Editor.dll (+2 others)
[1273/1276  0s] ILPostProcess Library/Bee/artifacts/1300b0aEDbg.dag/post-processed/Assembly-CSharp-Editor.dll (+pdb)
Processing assembly Library/Bee/artifacts/1300b0aEDbg.dag/Assembly-CSharp-Editor.dll, with 126 defines and 340 references

processors: zzzUnity.Burst.CodeGen.BurstILPostProcessor

running zzzUnity.Burst.CodeGen.BurstILPostProcessor
[1274/1276  0s] CopyFiles Library/ScriptAssemblies/Assembly-CSharp-Editor.pdb
[1275/1276  0s] CopyFiles Library/ScriptAssemblies/Assembly-CSharp-Editor.dll
*** Tundra build success (1.30 seconds), 6 items updated, 1276 evaluated
AssetDatabase: script compilation time: 2.719119s
Total cache size 268426224
Total cache size after purge 268426224
Begin MonoManager ReloadAssembly
Symbol file LoadedFromMemory is not a mono symbol file
- Loaded All Assemblies, in  0.746 seconds
Refreshing native plugins compatible for Editor in 4.70 ms, found 5 plugins.
Preloading 0 native plugins for Editor in 0.00 ms.
Start importing Assets/Editor/AddCannonToLevel10Batch.cs using Guid(4a30d73eb1f0ec840ae5d360873881b5) Importer(-1,00000000000000000000000000000000) [PhysX] Initialized MultithreadedTaskDispatcher with 16 workers.
 -> (artifact id: '5422d643f7830fc47b378f823aadc57b') in 0.074783 seconds
Refreshing native plugins compatible for Editor in 4.36 ms, found 5 plugins.
Native extension for WindowsStandalone target not found
Native extension for iOS target not found
Native extension for Android target not found
Mono: successfully reloaded assembly
- Finished resetting the current domain, in  4.564 seconds
Domain Reload Profiling: 5307ms
	BeginReloadAssembly (124ms)
		ExecutionOrderSort (0ms)
		DisableScriptedObjects (4ms)
		BackupInstance (0ms)
		ReleaseScriptingObjects (0ms)
		CreateAndSetChildDomain (22ms)
	RebuildCommonClasses (37ms)
	RebuildNativeTypeToScriptingClass (9ms)
	initialDomainReloadingComplete (27ms)
	LoadAllAssembliesAndSetupDomain (545ms)
		LoadAssemblies (344ms)
		RebuildTransferFunctionScriptingTraits (0ms)
		AnalyzeDomain (263ms)
			TypeCache.Refresh (217ms)
				TypeCache.ScanAssembly (200ms)
			ScanForSourceGeneratedMonoScriptInfo (31ms)
			ResolveRequiredComponents (13ms)
	FinalizeReload (4565ms)
		ReleaseScriptCaches (0ms)
		RebuildScriptCaches (0ms)
		SetupLoadedEditorAssemblies (4395ms)
			LogAssemblyErrors (0ms)
			InitializePlatformSupportModulesInManaged (20ms)
			SetLoadedEditorAssemblies (4ms)
			RefreshPlugins (0ms)
			BeforeProcessingInitializeOnLoad (129ms)
			ProcessInitializeOnLoadAttributes (4147ms)
			ProcessInitializeOnLoadMethodAttributes (88ms)
			AfterProcessingInitializeOnLoad (6ms)
			EditorAssembliesLoaded (0ms)
		ExecutionOrderSort2 (0ms)
		AwakeInstancesAfterBackupRestoration (6ms)
Refreshing native plugins compatible for Editor in 8.08 ms, found 5 plugins.
Preloading 0 native plugins for Editor in 0.00 ms.
Asset Pipeline Refresh (id=bdebf18befe2d4747984fc692d76b5d5): Total: 11.073 seconds - Initiated by InitialRefreshV2(ForceSynchronousImport)
	Summary:
		Imports: total=373 (actual=1, local cache=372, cache server=0)
		Asset DB Process Time: managed=69 ms, native=2075 ms
		Asset DB Callback time: managed=586 ms, native=10 ms
		Scripting: domain reloads=1, domain reload time=5476 ms, compile time=2720 ms, other=133 ms
		Project Asset Count: scripts=11603, non-scripts=7605
		Asset File Changes: new=1, changed=1, moved=0, deleted=0
		Scan Filter Count: 0
	InvokeBeforeRefreshCallbacks: 0.329ms
	ApplyChangesToAssetFolders: 0.096ms
	Scan: 199.078ms
	OnSourceAssetsModified: 1.360ms
	GetAllGuidsForCategorization: 2.168ms
	CategorizeAssets: 276.306ms
	ImportOutOfDateAssets: 4706.883ms (1867.330ms without children)
		ImportManagerImport: 77.970ms (2.550ms without children)
			ImportInProcess: 75.402ms
			UpdateCategorizedAssets: 0.018ms
		CompileScripts: 2720.365ms
		ReloadNativeAssets: 0.113ms
		UnloadImportedAssets: 31.798ms
		EnsureUptoDateAssetsAreRegisteredWithGuidPM: 5.175ms
		InitializingProgressBar: 0.006ms
		PostProcessAllAssetNotificationsAddChangedAssets: 0.005ms
		OnDemandSchedulerStart: 4.121ms
	PostProcessAllAssets: 606.997ms
	Hotreload: 10.172ms
	GatherAllCurrentPrimaryArtifactRevisions: 0.607ms
	UnloadStreamsBegin: 1.510ms
	PersistCurrentRevisions: 1.092ms
	UnloadStreamsEnd: 0.233ms
	GenerateScriptTypeHashes: 8.098ms
	Untracked: 5265.746ms
Application.AssetDatabase Initial Refresh End
Launched and connected shader compiler UnityShaderCompiler.exe after 0.03 seconds
Scanning for USB devices : 3.248ms
Initializing Unity extensions:
[Licensing::Client] Successfully resolved entitlement details
[MODES] ModeService[none].Initialize
[MODES] ModeService[none].LoadModes
[MODES] Loading mode Default (0) for mode-current-id-Jelly Hole: Roll & Eat Pals
[PhysX] Initialized MultithreadedTaskDispatcher with 16 workers.
ProgressiveSceneManager::Cancel()
Unloading 21 Unused Serialized files (Serialized files now loaded: 0)
Unloading 151 unused Assets / (1.9 MB). Loaded Objects now: 9884.
Memory consumption went from 220.7 MB to 218.8 MB.
Total: 6.132200 ms (FindLiveObjects: 0.378600 ms CreateObjectMapping: 0.339800 ms MarkObjects: 4.652900 ms  DeleteObjects: 0.759500 ms)

[LevelDesign] lv_jel_8 inserted successfully as new
UnityEngine.StackTraceUtility:ExtractStackTrace ()
UnityEngine.DebugLogHandler:LogFormat (UnityEngine.LogType,UnityEngine.Object,string,object[])
UnityEngine.Logger:Log (UnityEngine.LogType,object,UnityEngine.Object)
UnityEngine.Debug:Log (object,UnityEngine.Object)
Features.LevelConfiguration.LevelConfig:Insert_Editor (Features.LevelConfiguration.LevelData) (at Assets/_Project/Develop/Runtime/Features/LevelConfiguration/LevelDataSrc/LevelConfig.cs:124)
AddCannonToLevel10Batch:Run () (at Assets/Editor/AddCannonToLevel10Batch.cs:49)

(Filename: Assets/_Project/Develop/Runtime/Features/LevelConfiguration/LevelDataSrc/LevelConfig.cs Line: 124)

[AddCannonToLevel10Batch] Inserted missing level 'lv_jel_8' into LevelConfig from Assets/_Project/Develop/Runtime/Features/LevelConfiguration/LevelDataCfg/Levels/lv_jel_8.asset
UnityEngine.StackTraceUtility:ExtractStackTrace ()
UnityEngine.DebugLogHandler:LogFormat (UnityEngine.LogType,UnityEngine.Object,string,object[])
UnityEngine.Logger:Log (UnityEngine.LogType,object)
UnityEngine.Debug:Log (object)
AddCannonToLevel10Batch:Run () (at Assets/Editor/AddCannonToLevel10Batch.cs:50)

(Filename: Assets/Editor/AddCannonToLevel10Batch.cs Line: 50)

Start importing Assets/_Project/Develop/Runtime/Features/LevelConfiguration/LevelDataCfg/LevelConfig.asset using Guid(30e0bbbaab9b4764e9d5037834e8e99d) Importer(-1,00000000000000000000000000000000) [PhysX] Initialized MultithreadedTaskDispatcher with 16 workers.
 -> (artifact id: '54a6745620ce5f65e87aa039ffb29382') in 0.008012 seconds
Refreshing native plugins compatible for Editor in 5.97 ms, found 5 plugins.
Preloading 0 native plugins for Editor in 0.00 ms.
Asset Pipeline Refresh (id=874d4b6834713e6489cc400dd90747c4): Total: 0.071 seconds - Initiated by StopAssetImportingV2(NoUpdateAssetOptions)
Asset Pipeline Refresh (id=0cbc35de7cb79264c8df4b07713220f0): Total: 0.007 seconds - Initiated by RefreshV2(NoUpdateAssetOptions)
[AddCannonToLevel10Batch] Level 'lv_jel_8': added 3 Cannon. Total Cannon now: 3
UnityEngine.StackTraceUtility:ExtractStackTrace ()
UnityEngine.DebugLogHandler:LogFormat (UnityEngine.LogType,UnityEngine.Object,string,object[])
UnityEngine.Logger:Log (UnityEngine.LogType,object)
UnityEngine.Debug:Log (object)
AddCannonToLevel10Batch:Run () (at Assets/Editor/AddCannonToLevel10Batch.cs:101)

(Filename: Assets/Editor/AddCannonToLevel10Batch.cs Line: 101)

Curl error 42: Callback aborted
Killing ADB server in 0.0254362 seconds.
[PhysX] Initialized MultithreadedTaskDispatcher with 16 workers.
Input System module state changed to: ShutdownInProgress.
Input System polling thread exited.
Input System module state changed to: Shutdown.
[Licensing::IpcConnector] LicenseClient-Farot-notifications channel disconnected successfully.
[Licensing::IpcConnector] LicenseClient-Farot channel disconnected successfully.
Cleanup mono
abort_threads: Failed aborting id: 00000000000054CC, mono_thread_manage will ignore it

abort_threads: Failed aborting id: 000000000000473C, mono_thread_manage will ignore it

abort_threads: Failed aborting id: 00000000000054CC, mono_thread_manage will ignore it

abort_threads: Failed aborting id: 000000000000473C, mono_thread_manage will ignore it

debugger-agent: Unable to listen on 6704
[usbmuxd] Stop listen thread
[usbmuxd] Listen thread exiting
[Performance] WinEditorMain                                                                                                  :        1 samples, Peak.   621 ms (1.0x), Avg.   621 ms, Total. 620.9 ms (3.7%)
[Performance] WinEditorMain.ConfigureCrashHandler                                                                            :        1 samples, Peak.  20.0 us (1.0x), Avg.  20.0 us, Total. 20.00 us (0.0%)
[Performance] WinEditorMain.CurlRequestInitialize                                                                            :        1 samples, Peak.   331 us (1.0x), Avg.   331 us, Total. 330.6 us (0.0%)
[Performance] WinEditorMain.SetupLogFile                                                                                     :        1 samples, Peak.   138 us (1.0x), Avg.   138 us, Total. 137.7 us (0.0%)
[Performance] WinEditorMain.RunNativeTestsIfRequiredAndExit                                                                  :        1 samples, Peak.   100 ns (1.0x), Avg.   100 ns, Total. 100.0 ns (0.0%)
[Performance] WinEditorMain.Licensing                                                                                        :        1 samples, Peak.   607 ms (1.0x), Avg.   607 ms, Total. 606.9 ms (3.6%)
[Performance] WinEditorMain.InitializeCrashHandler                                                                           :        1 samples, Peak.  11.3 ms (1.0x), Avg.  11.3 ms, Total. 11.25 ms (0.1%)
[Performance] WinEditorMain.CreateApplication                                                                                :        1 samples, Peak.   326 us (1.0x), Avg.   326 us, Total. 326.2 us (0.0%)
[Performance] Application.InitializeProject                                                                                  :        1 samples, Peak.  13.6 s (1.0x), Avg.  13.6 s, Total. 13.57 s (79.8%)
[Performance] Application.PackageManager.StartServer                                                                         :        1 samples, Peak.   897 us (1.0x), Avg.   897 us, Total. 897.5 us (0.0%)
[Performance] Application.AcquireProjectLock                                                                                 :        1 samples, Peak.  9.07 ms (1.0x), Avg.  9.07 ms, Total. 9.069 ms (0.1%)
[Performance] Application.InitializeEngineNoGraphics                                                                         :        1 samples, Peak.  43.2 ms (1.0x), Avg.  43.2 ms, Total. 43.24 ms (0.3%)
[Performance] Application.PackageManager.Initialize                                                                          :        1 samples, Peak.   260 ms (1.0x), Avg.   260 ms, Total. 260.1 ms (1.5%)
[Performance] Connecting to Package Manager                                                                                  :       27 samples, Peak.  44.3 us (21.9x), Avg.  2.03 us, Total. 54.70 us (0.0%)
[Performance] Application.EngineGraphics.Initialize                                                                          :        1 samples, Peak.   190 ms (1.0x), Avg.   190 ms, Total. 189.8 ms (1.1%)
[Performance] Application.GI.Initialize                                                                                      :        1 samples, Peak.  2.28 ms (1.0x), Avg.  2.28 ms, Total. 2.282 ms (0.0%)
[Performance] Application.LoadAllDefaultResourcesFromEditor                                                                  :        1 samples, Peak.  1.77 ms (1.0x), Avg.  1.77 ms, Total. 1.774 ms (0.0%)
[Performance] Application.LoadMonoAssemblies                                                                                 :        1 samples, Peak.   703 ms (1.0x), Avg.   703 ms, Total. 703.2 ms (4.1%)
[Performance] RestoreManagedReferences                                                                                       :        2 samples, Peak.  48.5 ms (2.0x), Avg.  24.3 ms, Total. 48.50 ms (0.3%)
[Performance] InitializeOnLoad DrivenRectTransformUndo                                                                       :        2 samples, Peak.   451 us (1.1x), Avg.   412 us, Total. 823.3 us (0.0%)
[Performance] InitializeOnLoad SceneSearch                                                                                   :        2 samples, Peak.   101 us (1.1x), Avg.  92.6 us, Total. 185.1 us (0.0%)
[Performance] InitializeOnLoad CloudBuild                                                                                    :        2 samples, Peak.  4.40 us (1.2x), Avg.  3.70 us, Total. 7.400 us (0.0%)
[Performance] InitializeOnLoad NativeFormatImporterUtility                                                                   :        2 samples, Peak.  1.90 ms (1.2x), Avg.  1.54 ms, Total. 3.073 ms (0.0%)
[Performance] InitializeOnLoad SearchService                                                                                 :        2 samples, Peak.   118 us (1.1x), Avg.   103 us, Total. 206.0 us (0.0%)
[Performance] InitializeOnLoad SettingsService                                                                               :        2 samples, Peak.  9.50 us (1.1x), Avg.  8.60 us, Total. 17.20 us (0.0%)
[Performance] InitializeOnLoad WindowLayout                                                                                  :        2 samples, Peak.   204 us (1.1x), Avg.   188 us, Total. 376.6 us (0.0%)
[Performance] InitializeOnLoad AssetStoreContext                                                                             :        2 samples, Peak.  14.9 ms (1.6x), Avg.  9.17 ms, Total. 18.35 ms (0.1%)
[Performance] InitializeOnLoad PoolManager                                                                                   :        2 samples, Peak.   456 us (1.1x), Avg.   427 us, Total. 853.4 us (0.0%)
[Performance] InitializeOnLoad MixerEffectDefinitionReloader                                                                 :        2 samples, Peak.  2.14 ms (1.3x), Avg.  1.60 ms, Total. 3.201 ms (0.0%)
[Performance] InitializeOnLoad ProjectSearch                                                                                 :        2 samples, Peak.  86.7 us (1.2x), Avg.  69.5 us, Total. 139.0 us (0.0%)
[Performance] InitializeOnLoad UISystemProfilerRenderService                                                                 :        2 samples, Peak.  7.30 us (1.0x), Avg.  7.00 us, Total. 14.00 us (0.0%)
[Performance] InitializeOnLoad EditMode                                                                                      :        2 samples, Peak.   352 us (1.1x), Avg.   309 us, Total. 618.2 us (0.0%)
[Performance] InitializeOnLoad UnityConnect                                                                                  :        2 samples, Peak.  50.1 us (1.0x), Avg.  48.0 us, Total. 95.90 us (0.0%)
[Performance] InitializeOnLoad ManagedDebugger                                                                               :        2 samples, Peak.   512 us (1.7x), Avg.   304 us, Total. 607.5 us (0.0%)
[Performance] InitializeOnLoad ShortcutIntegration                                                                           :        2 samples, Peak.  49.6 us (1.1x), Avg.  45.0 us, Total. 89.90 us (0.0%)
[Performance] InitializeOnLoad AddComponentWindow                                                                            :        2 samples, Peak.  87.4 us (1.0x), Avg.  85.6 us, Total. 171.2 us (0.0%)
[Performance] InitializeOnLoad ManagedDebuggerWindow                                                                         :        2 samples, Peak.   102 us (1.0x), Avg.  98.4 us, Total. 196.9 us (0.0%)
[Performance] InitializeOnLoad CacheServerWindow                                                                             :        2 samples, Peak.  8.00 us (1.2x), Avg.  6.70 us, Total. 13.40 us (0.0%)
[Performance] InitializeOnLoad PlayModeDownload                                                                              :        2 samples, Peak.  3.62 ms (1.9x), Avg.  1.86 ms, Total. 3.719 ms (0.0%)
[Performance] InitializeOnLoad MenuItems                                                                                     :        2 samples, Peak.  80.2 us (1.2x), Avg.  69.4 us, Total. 138.9 us (0.0%)
[Performance] InitializeOnLoad PrefabInstanceChangedListener                                                                 :        2 samples, Peak.   110 us (1.1x), Avg.   104 us, Total. 207.5 us (0.0%)
[Performance] InitializeOnLoad ObjectSelectorSearch                                                                          :        2 samples, Peak.  35.1 us (1.0x), Avg.  35.0 us, Total. 70.10 us (0.0%)
[Performance] InitializeOnLoad EditorMonitor                                                                                 :        2 samples, Peak.   504 us (1.2x), Avg.   425 us, Total. 849.3 us (0.0%)
[Performance] InitializeOnLoad RetainedMode                                                                                  :        2 samples, Peak.  1.65 ms (1.0x), Avg.  1.63 ms, Total. 3.262 ms (0.0%)
[Performance] InitializeOnLoad EditorShaderLoader                                                                            :        2 samples, Peak.   514 us (1.1x), Avg.   486 us, Total. 971.6 us (0.0%)
[Performance] InitializeOnLoad EditorDelegateRegistration                                                                    :        2 samples, Peak.   374 us (1.1x), Avg.   341 us, Total. 682.4 us (0.0%)
[Performance] InitializeOnLoad UIDocumentHierarchyWatcher                                                                    :        2 samples, Peak.  65.1 us (1.0x), Avg.  62.7 us, Total. 125.4 us (0.0%)
[Performance] InitializeOnLoad LiveReloadTrackerCreator                                                                      :        2 samples, Peak.   201 us (1.3x), Avg.   151 us, Total. 302.0 us (0.0%)
[Performance] InitializeOnLoad UxmlObjectEditorFactories                                                                     :        2 samples, Peak.   360 us (1.0x), Avg.   350 us, Total. 699.7 us (0.0%)
[Performance] InitializeOnLoad UXMLEditorFactories                                                                           :        2 samples, Peak.  45.3 ms (1.0x), Avg.  44.2 ms, Total. 88.33 ms (0.5%)
[Performance] InitializeOnLoad PurchasingService                                                                             :        2 samples, Peak.  5.10 ms (1.6x), Avg.  3.11 ms, Total. 6.229 ms (0.0%)
[Performance] InitializeOnLoad CloudBuildPoller                                                                              :        2 samples, Peak.  96.8 us (1.0x), Avg.  95.6 us, Total. 191.2 us (0.0%)
[Performance] InitializeOnLoad EditorGameServicesAnalytics                                                                   :        2 samples, Peak.  1.13 ms (1.6x), Avg.   722 us, Total. 1.444 ms (0.0%)
[Performance] InitializeOnLoad AnalyticsService                                                                              :        2 samples, Peak.   143 us (1.0x), Avg.   137 us, Total. 273.4 us (0.0%)
[Performance] InitializeOnLoad BuildService                                                                                  :        2 samples, Peak.   130 us (1.0x), Avg.   124 us, Total. 247.9 us (0.0%)
[Performance] InitializeOnLoad AdsService                                                                                    :        2 samples, Peak.   309 us (1.0x), Avg.   305 us, Total. 610.7 us (0.0%)
[Performance] InitializeOnLoad UDPService                                                                                    :        2 samples, Peak.   132 us (1.0x), Avg.   129 us, Total. 258.0 us (0.0%)
[Performance] InitializeOnLoad CrashService                                                                                  :        2 samples, Peak.   170 us (1.2x), Avg.   143 us, Total. 286.3 us (0.0%)
[Performance] InitializeOnLoad ServicesRepository                                                                            :        2 samples, Peak.  1.20 us (1.3x), Avg.   950 ns, Total. 1.900 us (0.0%)
[Performance] InitializeOnLoad SearchWindow                                                                                  :        2 samples, Peak.   114 us (1.1x), Avg.   102 us, Total. 203.2 us (0.0%)
[Performance] InitializeOnLoad CustomIndexers                                                                                :        2 samples, Peak.  14.8 ms (1.1x), Avg.  13.1 ms, Total. 26.24 ms (0.2%)
[Performance] InitializeOnLoad SearchMonitor                                                                                 :        2 samples, Peak.   768 us (1.1x), Avg.   695 us, Total. 1.390 ms (0.0%)
[Performance] InitializeOnLoad ParameterControllerEditor                                                                     :        2 samples, Peak.  16.8 us (1.1x), Avg.  15.5 us, Total. 31.00 us (0.0%)
[Performance] InitializeOnLoad LayerSettingsWindow                                                                           :        2 samples, Peak.  18.9 us (1.7x), Avg.  11.2 us, Total. 22.40 us (0.0%)
[Performance] InitializeOnLoad PackageManagerHookGUIDConverter.RegisterPackagesEventHandler                                  :        2 samples, Peak.   685 us (1.8x), Avg.   390 us, Total. 780.8 us (0.0%)
[Performance] InitializeOnLoad EditorDragAndDrop.RegisterEditorClient                                                        :        2 samples, Peak.   220 us (1.1x), Avg.   202 us, Total. 404.7 us (0.0%)
[Performance] InitializeOnLoad EditorEventCallbacks.InitializeFontAssetResourceChangeCallBacks                               :        2 samples, Peak.   818 us (1.0x), Avg.   810 us, Total. 1.619 ms (0.0%)
[Performance] InitializeOnLoad SceneTemplateService.Init                                                                     :        2 samples, Peak.  1.10 ms (1.1x), Avg.  1.02 ms, Total. 2.034 ms (0.0%)
[Performance] InitializeOnLoad DiagnosticSwitchesConsoleMessage.Init                                                         :        2 samples, Peak.  5.68 ms (1.9x), Avg.  3.05 ms, Total. 6.099 ms (0.0%)
[Performance] InitializeOnLoad PackageManagerWindow.EditorInitializedInSafeMode                                              :        2 samples, Peak.  20.8 ms (2.0x), Avg.  10.5 ms, Total. 20.97 ms (0.1%)
[Performance] InitializeOnLoad ToolShortcutContext.Init                                                                      :        2 samples, Peak.   184 us (1.1x), Avg.   164 us, Total. 328.3 us (0.0%)
[Performance] InitializeOnLoad MemoryProfilerCompilationGuard.InjectCompileGuard                                             :        2 samples, Peak.   143 us (1.3x), Avg.   109 us, Total. 217.3 us (0.0%)
[Performance] InitializeOnLoad AssetPostprocessingInternal.RefreshCustomDependencies                                         :        2 samples, Peak.  2.62 ms (1.3x), Avg.  2.03 ms, Total. 4.059 ms (0.0%)
[Performance] InitializeOnLoad SysrootManager.Initialize                                                                     :        2 samples, Peak.   350 us (1.1x), Avg.   329 us, Total. 658.8 us (0.0%)
[Performance] InitializeOnLoad ScopedRegistryAddedPopup.SubscribeToRegistriesAdded                                           :        2 samples, Peak.  9.14 ms (2.0x), Avg.  4.62 ms, Total. 9.230 ms (0.1%)
[Performance] InitializeOnLoad SceneVisibilityManager.Initialize                                                             :        2 samples, Peak.  2.51 ms (1.3x), Avg.  1.89 ms, Total. 3.789 ms (0.0%)
[Performance] InitializeOnLoad EditorWindow.Initialize                                                                       :        2 samples, Peak.   411 us (1.4x), Avg.   297 us, Total. 594.4 us (0.0%)
[Performance] AssemblyReloadEvents.afterAssemblyReload: UnityEditor.SceneTemplate.SceneTemplateService.AfterAssemblyReload   :        2 samples, Peak.  2.21 ms (1.8x), Avg.  1.23 ms, Total. 2.463 ms (0.0%)
[Performance] ProcessService.EditorAfterLoadAllAssemblies                                                                    :        2 samples, Peak.   284 us (1.1x), Avg.   258 us, Total. 515.7 us (0.0%)
[Performance] Application.ReadLicenseInfo                                                                                    :        1 samples, Peak.  23.2 ms (1.0x), Avg.  23.2 ms, Total. 23.22 ms (0.1%)
[Performance] Application.InitialRefresh                                                                                     :        1 samples, Peak.  11.1 s (1.0x), Avg.  11.1 s, Total. 11.08 s (65.2%)
[Performance] BuilderAssetModificationProcessor.OnWillCreateAsset                                                            :        1 samples, Peak.   767 us (1.0x), Avg.   767 us, Total. 767.2 us (0.0%)
[Performance] ShaderImporter.SourceAssetModified                                                                             :        3 samples, Peak.   600 ns (1.4x), Avg.   433 ns, Total. 1.300 us (0.0%)
[Performance] ShaderIncludeImporter.SourceAssetModified                                                                      :        3 samples, Peak.   500 ns (1.2x), Avg.   433 ns, Total. 1.300 us (0.0%)
[Performance] Compiling Scripts                                                                                              :        1 samples, Peak.  2.72 s (1.0x), Avg.  2.72 s, Total. 2.719 s (16.0%)
[Performance] AssemblyReloadEvents.beforeAssemblyReload: UnityEditor.SceneTemplate.SceneTemplateService.BeforeAssemblyReload :        1 samples, Peak.   380 us (1.0x), Avg.   380 us, Total. 380.2 us (0.0%)
[Performance] PresetManagerPostProcessor.OnPreprocessAsset                                                                   :        2 samples, Peak.  1.22 ms (2.0x), Avg.   620 us, Total. 1.240 ms (0.0%)
[Performance] NugetAssetPostprocessor.OnPreprocessAsset                                                                      :        2 samples, Peak.  66.0 ms (2.0x), Avg.  33.1 ms, Total. 66.20 ms (0.4%)
[Performance] CancelSplashScreenOnAssetChange.OnPreprocessAsset                                                              :        2 samples, Peak.   181 us (1.6x), Avg.   112 us, Total. 223.3 us (0.0%)
[Performance] ShaderGraphAssetPostProcessor.OnPreprocessAsset                                                                :        2 samples, Peak.   273 us (1.9x), Avg.   144 us, Total. 288.6 us (0.0%)
[Performance] InitializeOnLoad RegisterCheckSceneDupeDependencies                                                            :        1 samples, Peak.   903 us (1.0x), Avg.   903 us, Total. 903.3 us (0.0%)
[Performance] InitializeOnLoad GlobalInitialization                                                                          :        1 samples, Peak.   299 us (1.0x), Avg.   299 us, Total. 298.7 us (0.0%)
[Performance] InitializeOnLoad AddressableEditorInitialization                                                               :        1 samples, Peak.   141 ms (1.0x), Avg.   141 ms, Total. 141.3 ms (0.8%)
[Performance] InitializeOnLoad RegisterCheckResourcesDupeDependencies                                                        :        1 samples, Peak.   124 us (1.0x), Avg.   124 us, Total. 123.8 us (0.0%)
[Performance] InitializeOnLoad RegisterBuildBundleLayout                                                                     :        1 samples, Peak.  77.8 us (1.0x), Avg.  77.8 us, Total. 77.80 us (0.0%)
[Performance] InitializeOnLoad GroupsPopupWindow                                                                             :        1 samples, Peak.  4.20 us (1.0x), Avg.  4.20 us, Total. 4.200 us (0.0%)
[Performance] InitializeOnLoad RegisterCheckBundleDupeDependencies                                                           :        1 samples, Peak.   120 us (1.0x), Avg.   120 us, Total. 119.6 us (0.0%)
[Performance] InitializeOnLoad AddressableAssetInspectorGUI                                                                  :        1 samples, Peak.  18.3 ms (1.0x), Avg.  18.3 ms, Total. 18.29 ms (0.1%)
[Performance] EditorResources.Load                                                                                           :        9 samples, Peak.  14.4 ms (8.9x), Avg.  1.62 ms, Total. 14.60 ms (0.1%)
[Performance] InitializeOnLoad InputSystem                                                                                   :        1 samples, Peak.  39.7 ms (1.0x), Avg.  39.7 ms, Total. 39.74 ms (0.2%)
[Performance] InitializeOnLoad EnableUITKEditor                                                                              :        1 samples, Peak.  25.9 us (1.0x), Avg.  25.9 us, Total. 25.90 us (0.0%)
[Performance] InitializeOnLoad TouchSimulation                                                                               :        1 samples, Peak.   122 us (1.0x), Avg.   122 us, Total. 122.0 us (0.0%)
[Performance] InitializeOnLoad InputSystemUIInputModuleEditor                                                                :        1 samples, Peak.  85.3 us (1.0x), Avg.  85.3 us, Total. 85.30 us (0.0%)
[Performance] InitializeOnLoad BurstLoader                                                                                   :        1 samples, Peak.  3.57 s (1.0x), Avg.  3.57 s, Total. 3.573 s (21.0%)
[Performance] InitializeOnLoad ShadowCasterGroup2DManager                                                                    :        1 samples, Peak.  75.0 us (1.0x), Avg.  75.0 us, Total. 75.00 us (0.0%)
[Performance] InitializeOnLoad UnityProviderInitializer                                                                      :        1 samples, Peak.  1.32 ms (1.0x), Avg.  1.32 ms, Total. 1.319 ms (0.0%)
[Performance] InitializeOnLoad RegisterSceneToAssetNoUnityBuildInAnalyzeRule                                                 :        1 samples, Peak.   222 us (1.0x), Avg.   222 us, Total. 222.3 us (0.0%)
[Performance] InitializeOnLoad SceneSwitchLeftButton                                                                         :        1 samples, Peak.   423 us (1.0x), Avg.   423 us, Total. 422.9 us (0.0%)
[Performance] InitializeOnLoad ToolbarExtender                                                                               :        1 samples, Peak.  1.10 us (1.0x), Avg.  1.10 us, Total. 1.100 us (0.0%)
[Performance] InitializeOnLoad UltimateJoystickReadmeEditor                                                                  :        1 samples, Peak.   123 ms (1.0x), Avg.   123 ms, Total. 122.7 ms (0.7%)
[Performance] InitializeOnLoad PrefColorBridge                                                                               :        1 samples, Peak.   718 us (1.0x), Avg.   718 us, Total. 717.9 us (0.0%)
[Performance] InitializeOnLoad DrivenPropertyDrawer                                                                          :        1 samples, Peak.   252 us (1.0x), Avg.   252 us, Total. 251.9 us (0.0%)
[Performance] InitializeOnLoad LocaleAnalyzeRule                                                                             :        1 samples, Peak.   146 us (1.0x), Avg.   146 us, Total. 146.3 us (0.0%)
[Performance] InitializeOnLoad LocalizeComponent                                                                             :        1 samples, Peak.  2.07 ms (1.0x), Avg.  2.07 ms, Total. 2.073 ms (0.0%)
[Performance] InitializeOnLoad StringTableAnalyzeRule                                                                        :        1 samples, Peak.   134 us (1.0x), Avg.   134 us, Total. 133.8 us (0.0%)
[Performance] InitializeOnLoad LocalizeComponent_UGUI                                                                        :        1 samples, Peak.   286 us (1.0x), Avg.   286 us, Total. 286.4 us (0.0%)
[Performance] InitializeOnLoad LocalizeComponent_TMPro                                                                       :        1 samples, Peak.   111 us (1.0x), Avg.   111 us, Total. 110.6 us (0.0%)
[Performance] InitializeOnLoad AssetTableAnalyzeRule                                                                         :        1 samples, Peak.   127 us (1.0x), Avg.   127 us, Total. 127.0 us (0.0%)
[Performance] InitializeOnLoad ContextualPropertyMenu                                                                        :        1 samples, Peak.   152 us (1.0x), Avg.   152 us, Total. 151.9 us (0.0%)
[Performance] InitializeOnLoad ScenePropertyTracker                                                                          :        1 samples, Peak.   108 us (1.0x), Avg.   108 us, Total. 107.7 us (0.0%)
[Performance] InitializeOnLoad GameViewLanguageMenu                                                                          :        1 samples, Peak.   443 us (1.0x), Avg.   443 us, Total. 443.2 us (0.0%)
[Performance] InitializeOnLoad BackgroundWatcher                                                                             :        1 samples, Peak.   118 us (1.0x), Avg.   118 us, Total. 117.8 us (0.0%)
[Performance] InitializeOnLoad UnityTestProtocolStarter                                                                      :        1 samples, Peak.   149 us (1.0x), Avg.   149 us, Total. 149.3 us (0.0%)
[Performance] InitializeOnLoad TestStarter                                                                                   :        1 samples, Peak.   568 us (1.0x), Avg.   568 us, Total. 568.2 us (0.0%)
[Performance] InitializeOnLoad RerunCallbackInitializer                                                                      :        1 samples, Peak.  2.46 ms (1.0x), Avg.  2.46 ms, Total. 2.456 ms (0.0%)
[Performance] InitializeOnLoad RiderScriptEditor                                                                             :        1 samples, Peak.  5.76 ms (1.0x), Avg.  5.76 ms, Total. 5.762 ms (0.0%)
[Performance] InitializeOnLoad CallbackInitializer                                                                           :        1 samples, Peak.  1.02 ms (1.0x), Avg.  1.02 ms, Total. 1.021 ms (0.0%)
[Performance] InitializeOnLoad ProbeGIBaking                                                                                 :        1 samples, Peak.  2.26 ms (1.0x), Avg.  2.26 ms, Total. 2.256 ms (0.0%)
[Performance] InitializeOnLoad FilterWindow                                                                                  :        1 samples, Peak.  46.7 us (1.0x), Avg.  46.7 us, Total. 46.70 us (0.0%)
[Performance] InitializeOnLoad RealtimeProbeSubdivisionDebug                                                                 :        1 samples, Peak.   308 us (1.0x), Avg.   308 us, Total. 307.9 us (0.0%)
[Performance] InitializeOnLoad SpriteEditorWindow                                                                            :        1 samples, Peak.   405 us (1.0x), Avg.   405 us, Total. 405.4 us (0.0%)
[Performance] InitializeOnLoad SplineExtrudeUtility                                                                          :        1 samples, Peak.   283 us (1.0x), Avg.   283 us, Total. 283.1 us (0.0%)
[Performance] InitializeOnLoad SplineDataReorderableListUtility                                                              :        1 samples, Peak.   181 us (1.0x), Avg.   181 us, Total. 181.2 us (0.0%)
[Performance] InitializeOnLoad PlasticPlugin                                                                                 :        1 samples, Peak.  13.6 ms (1.0x), Avg.  13.6 ms, Total. 13.61 ms (0.1%)
[Performance] InitializeOnLoad ToolbarBootstrap                                                                              :        1 samples, Peak.  59.1 ms (1.0x), Avg.  59.1 ms, Total. 59.06 ms (0.3%)
[Performance] InitializeOnLoad PrefabLayoutRebuilder                                                                         :        1 samples, Peak.   206 us (1.0x), Avg.   206 us, Total. 206.4 us (0.0%)
[Performance] InitializeOnLoad VSCodeScriptEditor                                                                            :        1 samples, Peak.  3.46 ms (1.0x), Avg.  3.46 ms, Total. 3.464 ms (0.0%)
[Performance] InitializeOnLoad NodeClassCache                                                                                :        1 samples, Peak.  5.10 us (1.0x), Avg.  5.10 us, Total. 5.100 us (0.0%)
[Performance] InitializeOnLoad ShaderGraphMaterialsUpdater                                                                   :        2 samples, Peak.   267 us (1.5x), Avg.   178 us, Total. 357.0 us (0.0%)
[Performance] InitializeOnLoad Renderer2DAnalytics                                                                           :        1 samples, Peak.  64.8 us (1.0x), Avg.  64.8 us, Total. 64.80 us (0.0%)
[Performance] InitializeOnLoad EditorToolManager                                                                             :        1 samples, Peak.  1.21 ms (1.0x), Avg.  1.21 ms, Total. 1.210 ms (0.0%)
[Performance] InitializeOnLoad OnLoadNugetPackageRestorer                                                                    :        1 samples, Peak.  20.7 ms (1.0x), Avg.  20.7 ms, Total. 20.67 ms (0.1%)
[Performance] InitializeOnLoad VSUsageUtility                                                                                :        1 samples, Peak.  33.0 ms (1.0x), Avg.  33.0 ms, Total. 32.97 ms (0.2%)
[Performance] InitializeOnLoad VisualStudioIntegration                                                                       :        1 samples, Peak.  10.9 ms (1.0x), Avg.  10.9 ms, Total. 10.94 ms (0.1%)
[Performance] InitializeOnLoad VisualStudioEditor                                                                            :        1 samples, Peak.  1.80 us (1.0x), Avg.  1.80 us, Total. 1.800 us (0.0%)
[Performance] InitializeOnLoad TestRunnerApiListener                                                                         :        1 samples, Peak.   598 us (1.0x), Avg.   598 us, Total. 597.9 us (0.0%)
[Performance] InitializeOnLoad PlayerLoopHelper.InitOnEditor                                                                 :        2 samples, Peak.  4.14 ms (1.4x), Avg.  2.96 ms, Total. 5.925 ms (0.0%)
[Performance] InitializeOnLoad SysrootPackage.IssueWarningIfLinuxIL2CPPNotPresent                                            :        1 samples, Peak.   161 us (1.0x), Avg.   161 us, Total. 161.1 us (0.0%)
[Performance] InitializeOnLoad ProfileDataSourceSettings.InitializeCloudEnvironment                                          :        1 samples, Peak.   205 us (1.0x), Avg.   205 us, Total. 204.5 us (0.0%)
[Performance] InitializeOnLoad AddressableAssetSettings.CheckCCDStatus                                                       :        1 samples, Peak.  77.5 us (1.0x), Avg.  77.5 us, Total. 77.50 us (0.0%)
[Performance] InitializeOnLoad AddressablesBuildScriptHooks.Init                                                             :        1 samples, Peak.  49.7 us (1.0x), Avg.  49.7 us, Total. 49.70 us (0.0%)
[Performance] InitializeOnLoad AddressableAssetSettings.RegisterWithAssetPostProcessor                                       :        1 samples, Peak.   570 us (1.0x), Avg.   570 us, Total. 570.1 us (0.0%)
[Performance] InitializeOnLoad AddressablesPlayerBuildProcessor.CleanTemporaryPlayerBuildData                                :        1 samples, Peak.  1.63 ms (1.0x), Avg.  1.63 ms, Total. 1.635 ms (0.0%)
[Performance] InitializeOnLoad InputSystemPackageControl.SubscribePackageManagerEvent                                        :        1 samples, Peak.   119 us (1.0x), Avg.   119 us, Total. 119.2 us (0.0%)
[Performance] InitializeOnLoad InputSystemPluginControl.CheckForExtension                                                    :        1 samples, Peak.  1.57 ms (1.0x), Avg.  1.57 ms, Total. 1.571 ms (0.0%)
[Performance] InitializeOnLoad TCP2_Upgrader.OnLoad                                                                          :        1 samples, Peak.  1.23 ms (1.0x), Avg.  1.23 ms, Total. 1.232 ms (0.0%)
[Performance] InitializeOnLoad MaterialReimporter.RegisterUpgraderReimport                                                   :        2 samples, Peak.   317 us (1.7x), Avg.   182 us, Total. 363.4 us (0.0%)
[Performance] InitializeOnLoad VisualStudioEditor.LegacyVisualStudioCodePackageDisabler                                      :        1 samples, Peak.  1.66 ms (1.0x), Avg.  1.66 ms, Total. 1.665 ms (0.0%)
[Performance] InitializeOnLoad GUIClipProxy.Setup                                                                            :        1 samples, Peak.  1.21 ms (1.0x), Avg.  1.21 ms, Total. 1.212 ms (0.0%)
[Performance] InitializeOnLoad TextAnimatorSetupWindow.TryShowingWindowOnLoad                                                :        1 samples, Peak.   283 us (1.0x), Avg.   283 us, Total. 283.0 us (0.0%)
[Performance] InitializeOnLoad $BurstDirectCallInitializer.Initialize                                                        :        1 samples, Peak.  7.48 ms (1.0x), Avg.  7.48 ms, Total. 7.481 ms (0.0%)
[Performance] InitializeOnLoad UnityMainThreadDispatcher.Initialize                                                          :        1 samples, Peak.   387 us (1.0x), Avg.   387 us, Total. 387.0 us (0.0%)
[Performance] InitializeOnLoad UIParticleUpdater.InitializeOnLoad                                                            :        1 samples, Peak.   818 us (1.0x), Avg.   818 us, Total. 817.6 us (0.0%)
[Performance] InitializeOnLoad UISoftMaskProjectSettings.InitializeOnLoadMethod                                              :        1 samples, Peak.  2.40 ms (1.0x), Avg.  2.40 ms, Total. 2.396 ms (0.0%)
[Performance] InitializeOnLoad SoftMaskUtils.InitializeOnLoadMethod                                                          :        1 samples, Peak.  4.48 ms (1.0x), Avg.  4.48 ms, Total. 4.478 ms (0.0%)
[Performance] InitializeOnLoad UIExtraCallbacks.InitializeOnLoad                                                             :        1 samples, Peak.   325 us (1.0x), Avg.   325 us, Total. 324.8 us (0.0%)
[Performance] InitializeOnLoad SplineCacheUtility.Initialize                                                                 :        1 samples, Peak.   978 us (1.0x), Avg.   978 us, Total. 978.4 us (0.0%)
[Performance] InitializeOnLoad TestJobDataHolder.ResumeRunningJobs                                                           :        1 samples, Peak.  1.02 ms (1.0x), Avg.  1.02 ms, Total. 1.017 ms (0.0%)
[Performance] InitializeOnLoad AnalyticsReporter.RegisterCallbacks                                                           :        1 samples, Peak.   353 us (1.0x), Avg.   353 us, Total. 353.3 us (0.0%)
[Performance] InitializeOnLoad DebugManagerWindowLifetimeAnalytic.SubscribeToDebugManagerOpenCloseWindows                    :        1 samples, Peak.   644 us (1.0x), Avg.   644 us, Total. 643.8 us (0.0%)
[Performance] InitializeOnLoad CoreRenderPipelinePreferences.InitPreferenceProviders                                         :        1 samples, Peak.  35.9 ms (1.0x), Avg.  35.9 ms, Total. 35.91 ms (0.2%)
[Performance] InitializeOnLoad VolumeGizmoDrawer.InitVolumeGizmoCallbacks                                                    :        1 samples, Peak.   282 us (1.0x), Avg.   282 us, Total. 282.1 us (0.0%)
[Performance] InitializeOnLoad Addressables.RegisterPlayModeStateChange                                                      :        1 samples, Peak.  54.6 us (1.0x), Avg.  54.6 us, Total. 54.60 us (0.0%)
[Performance] InitializeOnLoad AssetReference.RegisterForPlaymodeChange                                                      :        1 samples, Peak.   386 us (1.0x), Avg.   386 us, Total. 386.1 us (0.0%)
[Performance] InitializeOnLoad SceneViewUIObjectPickerContextWindow.OnSceneViewGUI                                           :        1 samples, Peak.   307 us (1.0x), Avg.   307 us, Total. 307.3 us (0.0%)
[Performance] DidReloadScriptsAdvancedDropdownWindow.OnScriptReload                                                          :        2 samples, Peak.   273 us (1.2x), Avg.   232 us, Total. 463.1 us (0.0%)
[Performance] DidReloadScriptsTestRunnerWindow.CompilationCallback                                                           :        1 samples, Peak.   197 us (1.0x), Avg.   197 us, Total. 197.1 us (0.0%)
[Performance] DidReloadScriptsTestListCache.ScriptReloaded                                                                   :        1 samples, Peak.  2.68 ms (1.0x), Avg.  2.68 ms, Total. 2.676 ms (0.0%)
[Performance] DidReloadScriptsLookDev.OnEditorReload                                                                         :        1 samples, Peak.   393 us (1.0x), Avg.   393 us, Total. 393.4 us (0.0%)
[Performance] DidReloadScriptsDebugWindow.OnEditorReload                                                                     :        1 samples, Peak.  6.99 ms (1.0x), Avg.  6.99 ms, Total. 6.994 ms (0.0%)
[Performance] DidReloadScriptsVolumeComponentEditor.OnEditorReload                                                           :        1 samples, Peak.  25.4 ms (1.0x), Avg.  25.4 ms, Total. 25.35 ms (0.1%)
[Performance] AssetDatabase.ImportAssets                                                                                     :        4 samples, Peak.  71.0 ms (4.0x), Avg.  17.8 ms, Total. 71.04 ms (0.4%)
[Performance] VersionControl.Task.Wait                                                                                       :        1 samples, Peak.  10.9 us (1.0x), Avg.  10.9 us, Total. 10.90 us (0.0%)
[Performance] Postprocessor.OnPostprocessAllAssets                                                                           :        8 samples, Peak.  4.69 ms (3.6x), Avg.  1.29 ms, Total. 10.34 ms (0.1%)
[Performance] CgincPathSync.OnPostprocessAllAssets                                                                           :        4 samples, Peak.  21.3 ms (1.6x), Avg.  13.5 ms, Total. 54.10 ms (0.3%)
[Performance] NugetAssetPostprocessor.OnPostprocessAllAssets                                                                 :        4 samples, Peak.   683 us (1.7x), Avg.   396 us, Total. 1.586 ms (0.0%)
[Performance] TMPro_TexturePostProcessor.OnPostprocessAllAssets                                                              :        4 samples, Peak.   321 us (1.9x), Avg.   173 us, Total. 691.8 us (0.0%)
[Performance] TCP2_ShaderPostProcessor.OnPostprocessAllAssets                                                                :        4 samples, Peak.   271 us (1.8x), Avg.   152 us, Total. 607.6 us (0.0%)
[Performance] AssetPostprocessor.OnPostprocessAllAssets                                                                      :        4 samples, Peak.   667 us (2.0x), Avg.   335 us, Total. 1.340 ms (0.0%)
[Performance] BuilderAssetPostprocessor.OnPostprocessAllAssets                                                               :        4 samples, Peak.  1.80 ms (1.9x), Avg.   927 us, Total. 3.706 ms (0.0%)
[Performance] AddressablesAssetPostProcessor.OnPostprocessAllAssets                                                          :        4 samples, Peak.  2.13 ms (1.7x), Avg.  1.25 ms, Total. 5.000 ms (0.0%)
[Performance] ArtifactBrowserPostProcessor.OnPostprocessAllAssets                                                            :        4 samples, Peak.   344 us (2.0x), Avg.   175 us, Total. 698.7 us (0.0%)
[Performance] AssetEvents.OnPostprocessAllAssets                                                                             :        8 samples, Peak.   162 us (3.0x), Avg.  54.1 us, Total. 432.4 us (0.0%)
[Performance] AudioMixerPostprocessor.OnPostprocessAllAssets                                                                 :        4 samples, Peak.   273 us (2.0x), Avg.   137 us, Total. 547.7 us (0.0%)
[Performance] StyleCatalogPostProcessor.OnPostprocessAllAssets                                                               :        4 samples, Peak.  29.7 ms (2.0x), Avg.  14.8 ms, Total. 59.37 ms (0.3%)
[Performance] BuildCatalog                                                                                                   :        1 samples, Peak.  28.9 ms (1.0x), Avg.  28.9 ms, Total. 28.93 ms (0.2%)
[Performance] ModelImporterPostProcessor.OnPostprocessAllAssets                                                              :        4 samples, Peak.   931 us (2.0x), Avg.   473 us, Total. 1.891 ms (0.0%)
[Performance] MaterialPostprocessor.OnPostprocessAllAssets                                                                   :        8 samples, Peak.   558 us (2.1x), Avg.   261 us, Total. 2.088 ms (0.0%)
[Performance] UniversalRenderPipelineGlobalSettingsPostprocessor.OnPostprocessAllAssets                                      :        4 samples, Peak.   975 us (2.0x), Avg.   492 us, Total. 1.970 ms (0.0%)
[Performance] RetainedModeAssetPostprocessor.OnPostprocessAllAssets                                                          :        4 samples, Peak.  1.83 ms (2.0x), Avg.   923 us, Total. 3.694 ms (0.0%)
[Performance] AssetChangedListener.OnPostprocessAllAssets                                                                    :        4 samples, Peak.  1.09 ms (2.0x), Avg.   558 us, Total. 2.233 ms (0.0%)
[Performance] PostProcessor.OnPostprocessAllAssets                                                                           :        4 samples, Peak.   237 us (1.7x), Avg.   136 us, Total. 543.4 us (0.0%)
[Performance] ShaderGraphAssetPostProcessor.OnPostprocessAllAssets                                                           :        4 samples, Peak.  1.17 ms (1.8x), Avg.   649 us, Total. 2.597 ms (0.0%)
[Performance] SpeedTreePostProcessor.OnPostprocessAllAssets                                                                  :        4 samples, Peak.   130 us (1.8x), Avg.  72.7 us, Total. 290.8 us (0.0%)
[Performance] TextAssetPostProcessor.OnPostprocessAllAssets                                                                  :        4 samples, Peak.   339 us (2.0x), Avg.   172 us, Total. 688.6 us (0.0%)
[Performance] SpriteEditorTexturePostprocessor.OnPostprocessAllAssets                                                        :        4 samples, Peak.   225 us (1.7x), Avg.   131 us, Total. 522.2 us (0.0%)
[Performance] AssetPathToTypes.OnPostprocessAllAssets                                                                        :        4 samples, Peak.   279 us (2.0x), Avg.   141 us, Total. 562.5 us (0.0%)
[Performance] InputActionAssetPostprocessor.OnPostprocessAllAssets                                                           :        4 samples, Peak.   360 us (1.9x), Avg.   186 us, Total. 745.4 us (0.0%)
[Performance] InputActionJsonNameModifierAssetProcessor.OnPostprocessAllAssets                                               :        4 samples, Peak.  69.3 us (1.7x), Avg.  41.1 us, Total. 164.5 us (0.0%)
[Performance] ProjectSettingsPostprocessor.OnPostprocessAllAssets                                                            :        4 samples, Peak.   150 us (1.9x), Avg.  77.9 us, Total. 311.6 us (0.0%)
[Performance] LocalizationAssetPostProcessor.OnPostprocessAllAssets                                                          :        4 samples, Peak.  1.07 ms (1.9x), Avg.   553 us, Total. 2.214 ms (0.0%)
[Performance] SyncVS.PostprocessSyncProject                                                                                  :        2 samples, Peak.   524 ms (2.0x), Avg.   262 ms, Total. 523.8 ms (3.1%)
[Performance] EditorApplication.projectChanged: UnityEditor.Audio.MixerEffectDefinitionReloader.OnProjectChanged             :        1 samples, Peak.   617 us (1.0x), Avg.   617 us, Total. 617.1 us (0.0%)
[Performance] EditorApplication.projectChanged: UnityEngine.InputSystem.LowLevel.NativeInputRuntime.OnProjectChanged         :        1 samples, Peak.   314 us (1.0x), Avg.   314 us, Total. 314.2 us (0.0%)
[Performance] Application.ImportPackagesAndSetTemplateWhenCreatingProject                                                    :        1 samples, Peak.  9.86 ms (1.0x), Avg.  9.86 ms, Total. 9.864 ms (0.1%)
[Performance] Application.SyncCurrentColorSpace                                                                              :        1 samples, Peak.   114 ms (1.0x), Avg.   114 ms, Total. 113.6 ms (0.7%)
[Performance] Application.OnUsbDevicesChanged                                                                                :        1 samples, Peak.  3.28 ms (1.0x), Avg.  3.28 ms, Total. 3.285 ms (0.0%)
[Performance] Application.AssetInstanceCacheUpdate                                                                           :        1 samples, Peak.   300 ns (1.0x), Avg.   300 ns, Total. 300.0 ns (0.0%)
[Performance] Application.UnityExtensions.Initialize                                                                         :        1 samples, Peak.  7.51 ms (1.0x), Avg.  7.51 ms, Total. 7.505 ms (0.0%)
[Performance] CodeEditorProjectSync.SyncEditorProject                                                                        :        1 samples, Peak.   558 ms (1.0x), Avg.   558 ms, Total. 557.9 ms (3.3%)
[Performance] Application.ExecuteStartups                                                                                    :        1 samples, Peak.  69.5 ms (1.0x), Avg.  69.5 ms, Total. 69.52 ms (0.4%)
[Performance] Menu.RegisterMenuInterface                                                                                     :       26 samples, Peak.  1.60 us (7.8x), Avg.   204 ns, Total. 5.300 us (0.0%)
[Performance] Gizmo.RebuildRenderers                                                                                         :        1 samples, Peak.  67.3 ms (1.0x), Avg.  67.3 ms, Total. 67.27 ms (0.4%)
[Performance] Gizmo.AddGizmoRenderers                                                                                        :      170 samples, Peak.  1.04 ms (68.6x), Avg.  15.1 us, Total. 2.575 ms (0.0%)
[Performance] Application.editorInitializingProject                                                                          :        1 samples, Peak.  48.9 ms (1.0x), Avg.  48.9 ms, Total. 48.95 ms (0.3%)
[Performance] Application.InitializeMenu                                                                                     :        1 samples, Peak.   828 ms (1.0x), Avg.   828 ms, Total. 828.2 ms (4.9%)
[Performance] Menu.RebuildAll                                                                                                :        1 samples, Peak.   828 ms (1.0x), Avg.   828 ms, Total. 828.2 ms (4.9%)
[Performance] Menu.BuildRegisteredMenuInterfaces                                                                             :        1 samples, Peak.   826 ms (1.0x), Avg.   826 ms, Total. 825.9 ms (4.9%)
[Performance] Menu.FilterMenuItem                                                                                            :     1255 samples, Peak.  44.7 ms (1236.3x), Avg.  36.1 us, Total. 45.37 ms (0.3%)
[Performance] UpdateAllMenus                                                                                                 :        1 samples, Peak.   437 us (1.0x), Avg.   437 us, Total. 437.0 us (0.0%)
[Performance] Menu.RebuildOSMainMenu                                                                                         :        2 samples, Peak.  2.00 ms (1.1x), Avg.  1.82 ms, Total. 3.632 ms (0.0%)
[Performance] EditorSceneManager.sceneClosing: UnityEditor.SceneVisibilityManager.EditorSceneManagerOnSceneClosing           :        1 samples, Peak.   213 us (1.0x), Avg.   213 us, Total. 213.2 us (0.0%)
[Performance] GUIView.RepaintAll.PlayerLoopController                                                                        :        1 samples, Peak.  1.40 us (1.0x), Avg.  1.40 us, Total. 1.400 us (0.0%)
[Performance] EditorSceneManager.newSceneCreated: UnityEditor.SceneTemplate.SceneTemplateService.OnNewSceneCreated           :        1 samples, Peak.   181 us (1.0x), Avg.   181 us, Total. 181.2 us (0.0%)
[Performance] EditorSceneManager.newSceneCreated: UnityEditor.SceneVisibilityManager.EditorSceneManagerOnNewSceneCreated     :        1 samples, Peak.   180 us (1.0x), Avg.   180 us, Total. 180.1 us (0.0%)
[Performance] EditorSceneManager.newSceneCreated: UnityEditor.SceneManagement.StageNavigationManager.OnNewSceneCreated       :        1 samples, Peak.  43.9 us (1.0x), Avg.  43.9 us, Total. 43.90 us (0.0%)
[Performance] Application.InvokeFinishedLoadingProject                                                                       :        1 samples, Peak.  17.5 ms (1.0x), Avg.  17.5 ms, Total. 17.47 ms (0.1%)
[Performance] ProcessService.OnProjectLoaded                                                                                 :        1 samples, Peak.  45.4 us (1.0x), Avg.  45.4 us, Total. 45.40 us (0.0%)
[Performance] StateMacroSavedEvent.OnWillSaveAssets                                                                          :        2 samples, Peak.   347 us (2.0x), Avg.   178 us, Total. 355.5 us (0.0%)
[Performance] FlowMacroSavedEvent.OnWillSaveAssets                                                                           :        2 samples, Peak.   182 us (2.0x), Avg.  91.5 us, Total. 182.9 us (0.0%)
[Performance] AssetModificationProcessor.OnWillSaveAssets                                                                    :        2 samples, Peak.   400 us (2.0x), Avg.   201 us, Total. 401.6 us (0.0%)
[Performance] UnityCloudProjectLinkMonitor.OnWillSaveAssets                                                                  :        2 samples, Peak.   406 us (2.0x), Avg.   204 us, Total. 407.5 us (0.0%)
[Performance] BuilderAssetModificationProcessor.OnWillSaveAssets                                                             :        2 samples, Peak.   290 us (2.0x), Avg.   146 us, Total. 292.2 us (0.0%)
[Performance] TerrainModificationProcessor.OnWillSaveAssets                                                                  :        2 samples, Peak.   844 us (2.0x), Avg.   423 us, Total. 845.4 us (0.0%)
[Performance] AssetDatabase.Refresh                                                                                          :        1 samples, Peak.  6.69 ms (1.0x), Avg.  6.69 ms, Total. 6.692 ms (0.0%)
[Performance] Application.Shutdown.SaveDefaultWindowPreferences                                                              :        1 samples, Peak.  77.6 us (1.0x), Avg.  77.6 us, Total. 77.60 us (0.0%)
[Performance] Application.Shutdown.SaveSceneManagerSetup                                                                     :        1 samples, Peak.   141 us (1.0x), Avg.   141 us, Total. 141.3 us (0.0%)
[Performance] Application.Shutdown.CleanupAllContainerWindows                                                                :        1 samples, Peak.  3.40 us (1.0x), Avg.  3.40 us, Total. 3.400 us (0.0%)
[Performance] EditorApplication.quitting: Unity.Burst.Editor.BurstLoader.OnEditorApplicationQuitting                         :        1 samples, Peak.  41.3 us (1.0x), Avg.  41.3 us, Total. 41.30 us (0.0%)
[Performance] EditorApplication.quitting: callback in UnityEditor.TextCore.Text.EditorEventCallbacks                         :        1 samples, Peak.  68.7 ms (1.0x), Avg.  68.7 ms, Total. 68.65 ms (0.4%)
[Performance] Killing ADB server                                                                                             :        1 samples, Peak.  26.0 ms (1.0x), Avg.  26.0 ms, Total. 26.00 ms (0.2%)
[Performance] Application.Shutdown.PauseProfilerSession                                                                      :        1 samples, Peak.  34.8 us (1.0x), Avg.  34.8 us, Total. 34.80 us (0.0%)
[Performance] Application.Shutdown.PauseAssetImportWorkers                                                                   :        1 samples, Peak.   471 us (1.0x), Avg.   471 us, Total. 471.4 us (0.0%)
[Performance] Application.Shutdown.SaveAssets                                                                                :        1 samples, Peak.   946 us (1.0x), Avg.   946 us, Total. 945.6 us (0.0%)
[Performance] Application.Shutdown.CleanupRenderPipeline                                                                     :        1 samples, Peak.  2.90 us (1.0x), Avg.  2.90 us, Total. 2.900 us (0.0%)
[Performance] Application.Shutdown.StopPreloadManager                                                                        :        1 samples, Peak.  9.91 ms (1.0x), Avg.  9.91 ms, Total. 9.909 ms (0.1%)
[Performance] Application.Shutdown.DestroyWorld                                                                              :        1 samples, Peak.   779 us (1.0x), Avg.   779 us, Total. 779.0 us (0.0%)
[Performance] Application.Shutdown.CleanupAfterLoad                                                                          :        1 samples, Peak.   217 ms (1.0x), Avg.   217 ms, Total. 216.5 ms (1.3%)
[Performance] Application.Shutdown.Progress                                                                                  :        1 samples, Peak.  10.5 us (1.0x), Avg.  10.5 us, Total. 10.50 us (0.0%)
[Performance] Application.Shutdown.GICleanupManagers                                                                         :        1 samples, Peak.   454 us (1.0x), Avg.   454 us, Total. 454.4 us (0.0%)
[Performance] Application.Shutdown.MenuCleanupClass                                                                          :        1 samples, Peak.   358 us (1.0x), Avg.   358 us, Total. 357.5 us (0.0%)
[Performance] Application.Shutdown.ADBSaveStateBeforeShutdown                                                                :        1 samples, Peak.  7.30 us (1.0x), Avg.  7.30 us, Total. 7.300 us (0.0%)
[Performance] Application.Shutdown.RemoteShutdown                                                                            :        1 samples, Peak.  1.60 us (1.0x), Avg.  1.60 us, Total. 1.600 us (0.0%)
[Performance] Application.Shutdown.CleanupVCProvider                                                                         :        1 samples, Peak. 10.00 us (1.0x), Avg. 10.00 us, Total. 10.000 us (0.0%)
[Performance] Application.Shutdown.InputShutdown                                                                             :        1 samples, Peak.  1.70 us (1.0x), Avg.  1.70 us, Total. 1.700 us (0.0%)
[Performance] Application.Shutdown.GizmoManagerDestroy                                                                       :        1 samples, Peak.   552 us (1.0x), Avg.   552 us, Total. 552.5 us (0.0%)
[Performance] Application.Shutdown.ProfilerSession                                                                           :        1 samples, Peak.   178 us (1.0x), Avg.   178 us, Total. 178.0 us (0.0%)
[Performance] Application.Shutdown.ReleaseGfxWindowOnAllGUIViews                                                             :        1 samples, Peak.   200 ns (1.0x), Avg.   200 ns, Total. 200.0 ns (0.0%)
[Performance] Application.Shutdown.CleanupEngine                                                                             :        1 samples, Peak.   127 ms (1.0x), Avg.   127 ms, Total. 126.6 ms (0.7%)
[Performance] Application.Shutdown.CleanupAssetDatabase                                                                      :        1 samples, Peak.  13.6 ms (1.0x), Avg.  13.6 ms, Total. 13.61 ms (0.1%)
[Performance] Application.Shutdown.ScriptCompilationCleanUp                                                                  :        1 samples, Peak.  7.13 ms (1.0x), Avg.  7.13 ms, Total. 7.125 ms (0.0%)
[Performance] Application.Shutdown.DestroyJobSystem                                                                          :        1 samples, Peak.  84.9 us (1.0x), Avg.  84.9 us, Total. 84.90 us (0.0%)
[Performance] Application.Shutdown.CleanupPersistentManager                                                                  :        1 samples, Peak.  1.66 ms (1.0x), Avg.  1.66 ms, Total. 1.658 ms (0.0%)
[Performance] Application.Shutdown.CleanupAsyncReadManager                                                                   :        1 samples, Peak.   245 us (1.0x), Avg.   245 us, Total. 245.0 us (0.0%)
[Performance] Application.Shutdown.CleanupProgressBar                                                                        :        1 samples, Peak.   300 ns (1.0x), Avg.   300 ns, Total. 300.0 ns (0.0%)
[Performance] Application.Shutdown.CleanupMono                                                                               :        1 samples, Peak.   865 ms (1.0x), Avg.   865 ms, Total. 864.9 ms (5.1%)
[Performance] Application.Shutdown.CleanupStdConverters                                                                      :        1 samples, Peak.  6.40 us (1.0x), Avg.  6.40 us, Total. 6.400 us (0.0%)
[Performance] Application.Shutdown.UnloadAllPlatformSupportModuleNativeDlls                                                  :        1 samples, Peak.   500 ns (1.0x), Avg.   500 ns, Total. 500.0 ns (0.0%)
[Performance] Application.Shutdown.UnloadAllPlatformSupportNativeLibraries                                                   :        1 samples, Peak.   245 ms (1.0x), Avg.   245 ms, Total. 244.7 ms (1.4%)
[Performance] Application.Shutdown.CleanupAutoDocumentation                                                                  :        1 samples, Peak.  1.06 ms (1.0x), Avg.  1.06 ms, Total. 1.061 ms (0.0%)
[Performance] Application.Shutdown.ShaderNameManagerDestroy                                                                  :        1 samples, Peak.   129 us (1.0x), Avg.   129 us, Total. 129.1 us (0.0%)
[Performance] Application.Shutdown.CleanupCacheServer                                                                        :        1 samples, Peak.   500 ns (1.0x), Avg.   500 ns, Total. 500.0 ns (0.0%)
[Performance] Application.Shutdown.Virtualization_Shutdown                                                                   :        1 samples, Peak.   600 ns (1.0x), Avg.   600 ns, Total. 600.0 ns (0.0%)
[Performance] Application.Shutdown.DevConnections                                                                            :        1 samples, Peak.   179 us (1.0x), Avg.   179 us, Total. 179.4 us (0.0%)
Checking for leaked weakptr:
  Found no leaked weakptrs.
[Package Manager] Server::Kill -- Server was shutdown
Memory Statistics:
[ALLOC_TEMP_TLS] TLS Allocator
  StackAllocators : 
    [ALLOC_TEMP_CurlRequest]
      Initial Block Size 64.0 KB
      Current Block Size 64.0 KB
      Peak Allocated Bytes 0 B
      Overflow Count 0
    [ALLOC_TEMP_MAIN]
      Initial Block Size 16.0 MB
      Current Block Size 35.1 MB
      Peak Allocated Bytes 20.3 MB
      Overflow Count 0
    [ALLOC_TEMP_Background Job.Worker 8]
      Initial Block Size 32.0 KB
      Current Block Size 32.0 KB
      Peak Allocated Bytes 54 B
      Overflow Count 0
    [ALLOC_TEMP_Job.Worker 4]
      Initial Block Size 256.0 KB
      Current Block Size 256.0 KB
      Peak Allocated Bytes 8.9 KB
      Overflow Count 1
    [ALLOC_TEMP_AUDIO_FMOD mixer thread]
      Initial Block Size 64.0 KB
      Current Block Size 64.0 KB
      Peak Allocated Bytes 54 B
      Overflow Count 0
    [ALLOC_TEMP_BakingJobs.Worker 5]
      Initial Block Size 256.0 KB
      Current Block Size 256.0 KB
      Peak Allocated Bytes 54 B
      Overflow Count 0
    [ALLOC_TEMP_Background Job.Worker 11]
      Initial Block Size 32.0 KB
      Current Block Size 32.0 KB
      Peak Allocated Bytes 54 B
      Overflow Count 0
    [ALLOC_TEMP_Background Job.Worker 3]
      Initial Block Size 32.0 KB
      Current Block Size 32.0 KB
      Peak Allocated Bytes 66 B
      Overflow Count 0
    [ALLOC_TEMP_BatchDeleteObjects]
      Initial Block Size 64.0 KB
      Current Block Size 64.0 KB
      Peak Allocated Bytes 54 B
      Overflow Count 0
    [ALLOC_TEMP_CoreBusinessMetricsCache]
      Initial Block Size 64.0 KB
      Current Block Size 64.0 KB
      Peak Allocated Bytes 9.2 KB
      Overflow Count 0
    [ALLOC_TEMP_REST Message Handler]
      Initial Block Size 64.0 KB
      Current Block Size 64.0 KB
      Peak Allocated Bytes 54 B
      Overflow Count 0
    [ALLOC_TEMP_Job.Worker 13]
      Initial Block Size 256.0 KB
      Current Block Size 256.0 KB
      Peak Allocated Bytes 3.6 KB
      Overflow Count 1
    [ALLOC_TEMP_Background Job.Worker 2]
      Initial Block Size 32.0 KB
      Current Block Size 32.0 KB
      Peak Allocated Bytes 1.6 KB
      Overflow Count 0
    [ALLOC_TEMP_AssetDatabase.IOService]
      Initial Block Size 64.0 KB
      Current Block Size 64.0 KB
      Peak Allocated Bytes 54 B
      Overflow Count 0
    [ALLOC_TEMP_Job.Worker 10]
      Initial Block Size 256.0 KB
      Current Block Size 256.0 KB
      Peak Allocated Bytes 11.5 KB
      Overflow Count 1
    [ALLOC_TEMP_Job.Worker 12]
      Initial Block Size 256.0 KB
      Current Block Size 256.0 KB
      Peak Allocated Bytes 10.0 KB
      Overflow Count 1
    [ALLOC_TEMP_Loading.PreloadManager]
      Initial Block Size 32.0 MB
      Current Block Size 32.0 MB
      Peak Allocated Bytes 54 B
      Overflow Count 0
    [ALLOC_TEMP_Profiler.Dispatcher]
      Initial Block Size 64.0 KB
      Current Block Size 64.0 KB
      Peak Allocated Bytes 0 B
      Overflow Count 0
    [ALLOC_TEMP_Job.Worker 14]
      Initial Block Size 256.0 KB
      Current Block Size 256.0 KB
      Peak Allocated Bytes 2.0 KB
      Overflow Count 0
    [ALLOC_TEMP_Job.Worker 3]
      Initial Block Size 256.0 KB
      Current Block Size 256.0 KB
      Peak Allocated Bytes 10.9 KB
      Overflow Count 1
    [ALLOC_TEMP_BakingJobs.Worker 7]
      Initial Block Size 256.0 KB
      Current Block Size 256.0 KB
      Peak Allocated Bytes 54 B
      Overflow Count 0
    [ALLOC_TEMP_Background Job.Worker 5]
      Initial Block Size 32.0 KB
      Current Block Size 32.0 KB
      Peak Allocated Bytes 54 B
      Overflow Count 0
    [ALLOC_TEMP_Background Job.Worker 13]
      Initial Block Size 32.0 KB
      Current Block Size 32.0 KB
      Peak Allocated Bytes 54 B
      Overflow Count 0
    [ALLOC_TEMP_Job.Worker 2]
      Initial Block Size 256.0 KB
      Current Block Size 256.0 KB
      Peak Allocated Bytes 10.1 KB
      Overflow Count 1
    [ALLOC_TEMP_BakingJobs.Worker 6]
      Initial Block Size 256.0 KB
      Current Block Size 256.0 KB
      Peak Allocated Bytes 54 B
      Overflow Count 0
    [ALLOC_TEMP_Job.Worker 11]
      Initial Block Size 256.0 KB
      Current Block Size 256.0 KB
      Peak Allocated Bytes 7.8 KB
      Overflow Count 1
    [ALLOC_TEMP_Job.Worker 0]
      Initial Block Size 256.0 KB
      Current Block Size 256.0 KB
      Peak Allocated Bytes 3.5 KB
      Overflow Count 1
    [ALLOC_TEMP_Background Job.Worker 9]
      Initial Block Size 32.0 KB
      Current Block Size 32.0 KB
      Peak Allocated Bytes 54 B
      Overflow Count 0
    [ALLOC_TEMP_Job.Worker 5]
      Initial Block Size 256.0 KB
      Current Block Size 256.0 KB
      Peak Allocated Bytes 11.0 KB
      Overflow Count 1
    [ALLOC_TEMP_Job.Worker 6]
      Initial Block Size 256.0 KB
      Current Block Size 256.0 KB
      Peak Allocated Bytes 12.0 KB
      Overflow Count 0
    [ALLOC_TEMP_DirMonitor]
      Initial Block Size 64.0 KB
      Current Block Size 64.0 KB
      Peak Allocated Bytes 0.6 KB
      Overflow Count 0
    [ALLOC_TEMP_Job.Worker 9]
      Initial Block Size 256.0 KB
      Current Block Size 256.0 KB
      Peak Allocated Bytes 8.4 KB
      Overflow Count 1
    [ALLOC_TEMP_BakingJobs.Worker 1]
      Initial Block Size 256.0 KB
      Current Block Size 256.0 KB
      Peak Allocated Bytes 54 B
      Overflow Count 0
    [ALLOC_TEMP_Loading.AsyncRead]
      Initial Block Size 64.0 KB
      Current Block Size 64.0 KB
      Peak Allocated Bytes 128 B
      Overflow Count 0
    [ALLOC_TEMP_Background Job.Worker 10]
      Initial Block Size 32.0 KB
      Current Block Size 32.0 KB
      Peak Allocated Bytes 54 B
      Overflow Count 0
    [ALLOC_TEMP_Background Job.Worker 6]
      Initial Block Size 32.0 KB
      Current Block Size 32.0 KB
      Peak Allocated Bytes 54 B
      Overflow Count 0
    [ALLOC_TEMP_AUDIO_FMOD (WASAPI) feeder thread]
      Initial Block Size 64.0 KB
      Current Block Size 64.0 KB
      Peak Allocated Bytes 168 B
      Overflow Count 0
    [ALLOC_TEMP_Background Job.Worker 1]
      Initial Block Size 32.0 KB
      Current Block Size 208.0 KB
      Peak Allocated Bytes 128.2 KB
      Overflow Count 2
    [ALLOC_TEMP_AUDIO_FMOD stream thread]
      Initial Block Size 64.0 KB
      Current Block Size 64.0 KB
      Peak Allocated Bytes 54 B
      Overflow Count 0
    [ALLOC_TEMP_BakingJobs.Worker 2]
      Initial Block Size 256.0 KB
      Current Block Size 256.0 KB
      Peak Allocated Bytes 54 B
      Overflow Count 0
    [ALLOC_TEMP_Background Job.Worker 7]
      Initial Block Size 32.0 KB
      Current Block Size 32.0 KB
      Peak Allocated Bytes 54 B
      Overflow Count 0
    [ALLOC_TEMP_Job.Worker 8]
      Initial Block Size 256.0 KB
      Current Block Size 256.0 KB
      Peak Allocated Bytes 8.8 KB
      Overflow Count 1
    [ALLOC_TEMP_Job.Worker 1]
      Initial Block Size 256.0 KB
      Current Block Size 1.0 MB
      Peak Allocated Bytes 1.0 MB
      Overflow Count 1
    [ALLOC_TEMP_BakingJobs.Worker 0]
      Initial Block Size 256.0 KB
      Current Block Size 256.0 KB
      Peak Allocated Bytes 54 B
      Overflow Count 0
    [ALLOC_TEMP_BakingJobs.Worker 3]
      Initial Block Size 256.0 KB
      Current Block Size 256.0 KB
      Peak Allocated Bytes 54 B
      Overflow Count 0
    [ALLOC_TEMP_EditorTaskManager]
      Initial Block Size 64.0 KB
      Current Block Size 68.0 KB
      Peak Allocated Bytes 64.0 KB
      Overflow Count 0
    [ALLOC_TEMP_Background Job.Worker 15]
      Initial Block Size 32.0 KB
      Current Block Size 32.0 KB
      Peak Allocated Bytes 54 B
      Overflow Count 0
    [ALLOC_TEMP_BakingJobs.Worker 4]
      Initial Block Size 256.0 KB
      Current Block Size 256.0 KB
      Peak Allocated Bytes 54 B
      Overflow Count 0
    [ALLOC_TEMP_Background Job.Worker 12]
      Initial Block Size 32.0 KB
      Current Block Size 32.0 KB
      Peak Allocated Bytes 54 B
      Overflow Count 0
    [ALLOC_TEMP_HTTP REST Server]
      Initial Block Size 64.0 KB
      Current Block Size 64.0 KB
      Peak Allocated Bytes 76 B
      Overflow Count 0
    [ALLOC_TEMP_AssetGarbageCollectorHelper] x 15
      Initial Block Size 64.0 KB
      Current Block Size 64.0 KB
      Peak Allocated Bytes 0 B
      Overflow Count 0
    [ALLOC_TEMP_Background Job.Worker 0]
      Initial Block Size 32.0 KB
      Current Block Size 32.0 KB
      Peak Allocated Bytes 54 B
      Overflow Count 0
    [ALLOC_TEMP_Background Job.Worker 4]
      Initial Block Size 32.0 KB
      Current Block Size 32.0 KB
      Peak Allocated Bytes 54 B
      Overflow Count 0
    [ALLOC_TEMP_Background Job.Worker 14]
      Initial Block Size 32.0 KB
      Current Block Size 32.0 KB
      Peak Allocated Bytes 54 B
      Overflow Count 0
    [ALLOC_TEMP_Job.Worker 7]
      Initial Block Size 256.0 KB
      Current Block Size 256.0 KB
      Peak Allocated Bytes 10.3 KB
      Overflow Count 1
    [ALLOC_TEMP_CloudJob.Worker 0]
      Initial Block Size 32.0 KB
      Current Block Size 32.0 KB
      Peak Allocated Bytes 4.3 KB
      Overflow Count 0
[ALLOC_MEMORYPROFILER]
  Requested Block Size 1.0 MB
  Peak Block count 3
  Peak Allocated memory 1.6 MB
  Peak Large allocation bytes 0 B
[ALLOC_DEFAULT] Dual Thread Allocator
  Peak main deferred allocation count 1298
    [ALLOC_BUCKET]
      Large Block size 32.0 MB
      Used Block count 2
      Peak Allocated bytes 16.3 MB
    [ALLOC_DEFAULT_MAIN]
      Requested Block Size 16.0 MB
      Peak Block count 11
      Peak Allocated memory 156.7 MB
      Peak Large allocation bytes 0 B
    [ALLOC_DEFAULT_THREAD]
      Requested Block Size 16.0 MB
      Peak Block count 2
      Peak Allocated memory 109.8 MB
      Peak Large allocation bytes 109.7 MB
[ALLOC_TEMP_JOB_1_FRAME]
  Initial Block Size 2.0 MB
  Used Block Count 0
  Overflow Count (too large) 0
  Overflow Count (full) 0
[ALLOC_TEMP_JOB_2_FRAMES]
  Initial Block Size 2.0 MB
  Used Block Count 0
  Overflow Count (too large) 0
  Overflow Count (full) 0
[ALLOC_TEMP_JOB_4_FRAMES (JobTemp)]
  Initial Block Size 2.0 MB
  Used Block Count 1
  Overflow Count (too large) 0
  Overflow Count (full) 39048
[ALLOC_TEMP_JOB_ASYNC (Background)]
  Initial Block Size 1.0 MB
  Used Block Count 1
  Overflow Count (too large) 6
  Overflow Count (full) 0
[ALLOC_GFX] Dual Thread Allocator
  Peak main deferred allocation count 0
    [ALLOC_BUCKET]
      Large Block size 32.0 MB
      Used Block count 2
      Peak Allocated bytes 16.3 MB
    [ALLOC_GFX_MAIN]
      Requested Block Size 16.0 MB
      Peak Block count 1
      Peak Allocated memory 7.0 MB
      Peak Large allocation bytes 0 B
    [ALLOC_GFX_THREAD]
      Requested Block Size 16.0 MB
      Peak Block count 0
      Peak Allocated memory 0 B
      Peak Large allocation bytes 0 B
[ALLOC_CACHEOBJECTS] Dual Thread Allocator
  Peak main deferred allocation count 456
    [ALLOC_BUCKET]
      Large Block size 32.0 MB
      Used Block count 2
      Peak Allocated bytes 16.3 MB
    [ALLOC_CACHEOBJECTS_MAIN]
      Requested Block Size 4.0 MB
      Peak Block count 32
      Peak Allocated memory 112.3 MB
      Peak Large allocation bytes 16.9 MB
    [ALLOC_CACHEOBJECTS_THREAD]
      Requested Block Size 4.0 MB
      Peak Block count 1
      Peak Allocated memory 304 B
      Peak Large allocation bytes 0 B
[ALLOC_TYPETREE] Dual Thread Allocator
  Peak main deferred allocation count 643
    [ALLOC_BUCKET]
      Large Block size 32.0 MB
      Used Block count 2
      Peak Allocated bytes 16.3 MB
    [ALLOC_TYPETREE_MAIN]
      Requested Block Size 2.0 MB
      Peak Block count 24
      Peak Allocated memory 43.3 MB
      Peak Large allocation bytes 0 B
    [ALLOC_TYPETREE_THREAD]
      Requested Block Size 2.0 MB
      Peak Block count 1
      Peak Allocated memory 2.0 KB
      Peak Large allocation bytes 0 B
[ALLOC_PROFILER]
  Requested Block Size 16.0 MB
  Peak Block count 1
  Peak Allocated memory 482.4 KB
  Peak Large allocation bytes 0 B
    [ALLOC_PROFILER_BUCKET]
      Large Block size 32.0 MB
      Used Block count 1
      Peak Allocated bytes 4.5 KB
[ALLOC_PROFILER_EDITOR]
  Requested Block Size 1.0 MB
  Peak Block count 0
  Peak Allocated memory 0 B
  Peak Large allocation bytes 0 B
    [ALLOC_PROFILER_BUCKET]
      Large Block size 32.0 MB
      Used Block count 1
      Peak Allocated bytes 4.5 KB
##utp:{"type":"MemoryLeaks","version":2,"phase":"Immediate","time":1774369434475,"processId":20704,"allocatedMemory":32371259,"memoryLabels":[{"Default":20335},{"Permanent":15615},{"NewDelete":80832},{"Thread":4229300},{"Manager":32514},{"VertexData":12},{"Geometry":560},{"Texture":176},{"Shader":68850},{"Material":24},{"GfxDevice":57048},{"Animation":296},{"Audio":3928},{"FontEngine":272},{"Physics":513},{"Serialization":948},{"Input":14744},{"JobScheduler":33352},{"Mono":40},{"ScriptingNativeRuntime":191848},{"BaseObject":1627276},{"Resource":1360},{"Renderer":2304},{"Transform":16},{"File":888},{"WebCam":96},{"Culling":40},{"Terrain":1137},{"Wind":24},{"STL":48},{"String":17846},{"DynamicArray":146503},{"HashMap":113887},{"Utility":2663810},{"Curl":1424},{"PoolAlloc":1728},{"AI":104},{"TypeTree":5077},{"ScriptManager":640},{"RuntimeInitializeOnLoadManager":80},{"SpriteAtlas":128},{"GI":4072},{"Director":7960},{"CloudService":1360},{"WebRequest":688},{"VR":46081},{"SceneManager":568},{"Video":72},{"LazyScriptCache":40},{"NativeArray":12},{"Camera":25},{"Secure":1},{"SerializationCache":1584},{"APIUpdating":11872},{"Subsystems":392},{"VirtualTexturing":57896},{"StaticSafetyDebugInfo":327680},{"EditorGui":56},{"EditorUtility":53924},{"VersionControl":4},{"Undo":704},{"AssetDatabase":22471983},{"RestService":1414},{"EditorGi":376},{"License":3584},{"UnityConnect":25320},{"Collab":593},{"Upm":2032},{"DrivenProperties":96},{"LocalIPC":276},{"ProfilerEditor":10943},{"CoreBusinessMetrics":3948},{"AssetReference":40},{"IPCStream":40}]}
~StackAllocator(ALLOC_TEMP_MAIN) m_LastAlloc not NULL. Did you forget to call FreeAllStackAllocations()?
