[Licensing::Module] Trying to connect to existing licensing client channel...
[Licensing::IpcConnector] Successfully connected to: "LicenseClient-Farot" at "2026-03-24T14:34:36.0097426Z"
[Licensing::Client] Code 10 while verifying Licensing Client signature (process Id: 6600, path: "C:/Program Files/Unity Hub/UnityLicensingClient_V1/Unity.Licensing.Client.exe")
[Licensing::Module] LicensingClient has failed validation; ignoring
[Licensing::Client] Handshaking with LicensingClient:
  Version:                 1.17.4+4293ba1
  Session Id:              6bae3177ccce4b37ae9f15e88e0d3293
  Correlation Id:          ac16f1531aa4a5c9f7e90123acd19b01
  External correlation Id: 808549655314679670
  Machine Id:              p5dKzCAZ6fOOnuRfn3AGFy8kWsA=
[Licensing::Module] Successfully connected to LicensingClient on channel: "LicenseClient-Farot" (connect: 0.00s, validation: 0.01s, handshake: 0.02s)
[Licensing::IpcConnector] Successfully connected to: "LicenseClient-Farot-notifications" at "2026-03-24T14:34:36.0406609Z"
[Licensing::Module] Error: Access token is unavailable; failed to update
[Licensing::Client] Successfully updated license
Built from '2022.3/respin/2022.3.62f2-4af31df585-v2' branch; Version is '2022.3.62f2 (7670c08855a9) revision 7762112'; Using compiler version '192829333'; Build Type 'Release'
OS: 'Windows 10  (10.0.19045) 64bit Professional' Language: 'en' Physical Memory: 32605 MB
[Licensing::Client] Successfully resolved entitlement details
[Licensing::Module] Serial number assigned to: "6872459096280-UnityPersXXXX"
BatchMode: 1, IsHumanControllingUs: 0, StartBugReporterOnCrash: 0, Is64bit: 1, IsPro: 0
[Licensing::Client] Successfully resolved entitlement details

COMMAND LINE ARGUMENTS:
C:\Program Files\Unity\Hub\Editor\2022.3.62f2\Editor\Unity.exe
-batchmode
-quit
-projectPath
D:\Dev\Eugene_D2
-executeMethod
CannonFbxPipelineBatch.Run
-logFile
D:\Dev\Eugene_D2\cannon_fbx_pipeline.log
Successfully changed project path to: D:\Dev\Eugene_D2
D:/Dev/Eugene_D2
[UnityMemory] Configuration Parameters - Can be set up in boot.config
    "memorysetup-bucket-allocator-granularity=16"
    "memorysetup-bucket-allocator-bucket-count=8"
    "memorysetup-bucket-allocator-block-size=33554432"
    "memorysetup-bucket-allocator-block-count=8"
    "memorysetup-main-allocator-block-size=16777216"
    "memorysetup-thread-allocator-block-size=16777216"
    "memorysetup-gfx-main-allocator-block-size=16777216"
    "memorysetup-gfx-thread-allocator-block-size=16777216"
    "memorysetup-cache-allocator-block-size=4194304"
    "memorysetup-typetree-allocator-block-size=2097152"
    "memorysetup-profiler-bucket-allocator-granularity=16"
    "memorysetup-profiler-bucket-allocator-bucket-count=8"
    "memorysetup-profiler-bucket-allocator-block-size=33554432"
    "memorysetup-profiler-bucket-allocator-block-count=8"
    "memorysetup-profiler-allocator-block-size=16777216"
    "memorysetup-profiler-editor-allocator-block-size=1048576"
    "memorysetup-temp-allocator-size-main=16777216"
    "memorysetup-job-temp-allocator-block-size=2097152"
    "memorysetup-job-temp-allocator-block-size-background=1048576"
    "memorysetup-job-temp-allocator-reduction-small-platforms=262144"
    "memorysetup-allocator-temp-initial-block-size-main=262144"
    "memorysetup-allocator-temp-initial-block-size-worker=262144"
    "memorysetup-temp-allocator-size-background-worker=32768"
    "memorysetup-temp-allocator-size-job-worker=262144"
    "memorysetup-temp-allocator-size-preload-manager=33554432"
    "memorysetup-temp-allocator-size-nav-mesh-worker=65536"
    "memorysetup-temp-allocator-size-audio-worker=65536"
    "memorysetup-temp-allocator-size-cloud-worker=32768"
    "memorysetup-temp-allocator-size-gi-baking-worker=262144"
    "memorysetup-temp-allocator-size-gfx=262144"
Player connection [6404]  Target information:

Player connection [6404]  * "[IP] 192.168.8.227 [Port] 55504 [Flags] 2 [Guid] 3671567284 [EditorId] 3671567284 [Version] 1048832 [Id] WindowsEditor(7,DESKTOP-94PNVKK) [Debug] 1 [PackageName] WindowsEditor [ProjectName] Editor" 

Player connection [6404] Host joined multi-casting on [225.0.0.222:54997]...
Player connection [6404] Host joined alternative multi-casting on [225.0.0.222:34997]...
Input System module state changed to: Initialized.
[PhysX] Initialized MultithreadedTaskDispatcher with 16 workers.
[Package Manager] UpmClient::Connect -- Connected to IPC stream "Upm-18984" after 0.3 seconds.
[Package Manager] Done resolving packages in 1.63 seconds
[Licensing::Client] Successfully resolved entitlement details
[Package Manager] Lock file was modified
[Package Manager] Registered 68 packages:
  Packages from [https://packages.unity.com]:
    com.unity.addressables@1.22.3 (location: D:\Dev\Eugene_D2\Library\PackageCache\com.unity.addressables@1.22.3)
    com.unity.burst@1.8.23 (location: D:\Dev\Eugene_D2\Library\PackageCache\com.unity.burst@1.8.23)
    com.unity.collab-proxy@2.8.2 (location: D:\Dev\Eugene_D2\Library\PackageCache\com.unity.collab-proxy@2.8.2)
    com.unity.device-simulator.devices@1.0.0 (location: D:\Dev\Eugene_D2\Library\PackageCache\com.unity.device-simulator.devices@1.0.0)
    com.unity.ide.rider@3.0.36 (location: D:\Dev\Eugene_D2\Library\PackageCache\com.unity.ide.rider@3.0.36)
    com.unity.ide.visualstudio@2.0.23 (location: D:\Dev\Eugene_D2\Library\PackageCache\com.unity.ide.visualstudio@2.0.23)
    com.unity.ide.vscode@1.2.5 (location: D:\Dev\Eugene_D2\Library\PackageCache\com.unity.ide.vscode@1.2.5)
    com.unity.inputsystem@1.14.0 (location: D:\Dev\Eugene_D2\Library\PackageCache\com.unity.inputsystem@1.14.0)
    com.unity.mobile.android-logcat@1.4.6 (location: D:\Dev\Eugene_D2\Library\PackageCache\com.unity.mobile.android-logcat@1.4.6)
    com.unity.profiling.core@1.0.2 (location: D:\Dev\Eugene_D2\Library\PackageCache\com.unity.profiling.core@1.0.2)
    com.unity.splines@2.8.2 (location: D:\Dev\Eugene_D2\Library\PackageCache\com.unity.splines@2.8.2)
    com.unity.test-framework@1.1.33 (location: D:\Dev\Eugene_D2\Library\PackageCache\com.unity.test-framework@1.1.33)
    com.unity.textmeshpro@3.0.9 (location: D:\Dev\Eugene_D2\Library\PackageCache\com.unity.textmeshpro@3.0.9)
    com.unity.timeline@1.7.7 (location: D:\Dev\Eugene_D2\Library\PackageCache\com.unity.timeline@1.7.7)
    com.unity.formats.fbx@4.2.1 (location: D:\Dev\Eugene_D2\Library\PackageCache\com.unity.formats.fbx@4.2.1)
    com.unity.toolchain.win-x86_64-linux-x86_64@2.0.11 (location: D:\Dev\Eugene_D2\Library\PackageCache\com.unity.toolchain.win-x86_64-linux-x86_64@2.0.11)
    com.unity.visualscripting@1.9.4 (location: D:\Dev\Eugene_D2\Library\PackageCache\com.unity.visualscripting@1.9.4)
    com.unity.nuget.newtonsoft-json@3.2.1 (location: D:\Dev\Eugene_D2\Library\PackageCache\com.unity.nuget.newtonsoft-json@3.2.1)
    com.unity.sysroot@2.0.10 (location: D:\Dev\Eugene_D2\Library\PackageCache\com.unity.sysroot@2.0.10)
    com.unity.sysroot.linux-x86_64@2.0.9 (location: D:\Dev\Eugene_D2\Library\PackageCache\com.unity.sysroot.linux-x86_64@2.0.9)
    com.autodesk.fbx@4.2.1 (location: D:\Dev\Eugene_D2\Library\PackageCache\com.autodesk.fbx@4.2.1)
    com.unity.ext.nunit@1.0.6 (location: D:\Dev\Eugene_D2\Library\PackageCache\com.unity.ext.nunit@1.0.6)
    com.unity.mathematics@1.2.6 (location: D:\Dev\Eugene_D2\Library\PackageCache\com.unity.mathematics@1.2.6)
    com.unity.settings-manager@2.1.0 (location: D:\Dev\Eugene_D2\Library\PackageCache\com.unity.settings-manager@2.1.0)
    com.unity.scriptablebuildpipeline@1.21.25 (location: D:\Dev\Eugene_D2\Library\PackageCache\com.unity.scriptablebuildpipeline@1.21.25)
    com.unity.localization@1.5.2 (location: D:\Dev\Eugene_D2\Library\PackageCache\com.unity.localization@1.5.2)
    com.unity.searcher@4.9.2 (location: D:\Dev\Eugene_D2\Library\PackageCache\com.unity.searcher@4.9.2)
  Built-in packages:
    com.unity.2d.sprite@1.0.0 (location: D:\Dev\Eugene_D2\Library\PackageCache\com.unity.2d.sprite@1.0.0)
    com.unity.render-pipelines.universal@14.0.12 (location: D:\Dev\Eugene_D2\Library\PackageCache\com.unity.render-pipelines.universal@14.0.12)
    com.unity.ugui@1.0.0 (location: D:\Dev\Eugene_D2\Library\PackageCache\com.unity.ugui@1.0.0)
    com.unity.modules.ai@1.0.0 (location: D:\Dev\Eugene_D2\Library\PackageCache\com.unity.modules.ai@1.0.0)
    com.unity.modules.androidjni@1.0.0 (location: D:\Dev\Eugene_D2\Library\PackageCache\com.unity.modules.androidjni@1.0.0)
    com.unity.modules.animation@1.0.0 (location: D:\Dev\Eugene_D2\Library\PackageCache\com.unity.modules.animation@1.0.0)
    com.unity.modules.assetbundle@1.0.0 (location: D:\Dev\Eugene_D2\Library\PackageCache\com.unity.modules.assetbundle@1.0.0)
    com.unity.modules.audio@1.0.0 (location: D:\Dev\Eugene_D2\Library\PackageCache\com.unity.modules.audio@1.0.0)
    com.unity.modules.director@1.0.0 (location: D:\Dev\Eugene_D2\Library\PackageCache\com.unity.modules.director@1.0.0)
    com.unity.modules.imageconversion@1.0.0 (location: D:\Dev\Eugene_D2\Library\PackageCache\com.unity.modules.imageconversion@1.0.0)
    com.unity.modules.imgui@1.0.0 (location: D:\Dev\Eugene_D2\Library\PackageCache\com.unity.modules.imgui@1.0.0)
    com.unity.modules.jsonserialize@1.0.0 (location: D:\Dev\Eugene_D2\Library\PackageCache\com.unity.modules.jsonserialize@1.0.0)
    com.unity.modules.particlesystem@1.0.0 (location: D:\Dev\Eugene_D2\Library\PackageCache\com.unity.modules.particlesystem@1.0.0)
    com.unity.modules.physics@1.0.0 (location: D:\Dev\Eugene_D2\Library\PackageCache\com.unity.modules.physics@1.0.0)
    com.unity.modules.physics2d@1.0.0 (location: D:\Dev\Eugene_D2\Library\PackageCache\com.unity.modules.physics2d@1.0.0)
    com.unity.modules.screencapture@1.0.0 (location: D:\Dev\Eugene_D2\Library\PackageCache\com.unity.modules.screencapture@1.0.0)
    com.unity.modules.terrain@1.0.0 (location: D:\Dev\Eugene_D2\Library\PackageCache\com.unity.modules.terrain@1.0.0)
    com.unity.modules.terrainphysics@1.0.0 (location: D:\Dev\Eugene_D2\Library\PackageCache\com.unity.modules.terrainphysics@1.0.0)
    com.unity.modules.tilemap@1.0.0 (location: D:\Dev\Eugene_D2\Library\PackageCache\com.unity.modules.tilemap@1.0.0)
    com.unity.modules.ui@1.0.0 (location: D:\Dev\Eugene_D2\Library\PackageCache\com.unity.modules.ui@1.0.0)
    com.unity.modules.uielements@1.0.0 (location: D:\Dev\Eugene_D2\Library\PackageCache\com.unity.modules.uielements@1.0.0)
    com.unity.modules.umbra@1.0.0 (location: D:\Dev\Eugene_D2\Library\PackageCache\com.unity.modules.umbra@1.0.0)
    com.unity.modules.unityanalytics@1.0.0 (location: D:\Dev\Eugene_D2\Library\PackageCache\com.unity.modules.unityanalytics@1.0.0)
    com.unity.modules.unitywebrequest@1.0.0 (location: D:\Dev\Eugene_D2\Library\PackageCache\com.unity.modules.unitywebrequest@1.0.0)
    com.unity.modules.unitywebrequestassetbundle@1.0.0 (location: D:\Dev\Eugene_D2\Library\PackageCache\com.unity.modules.unitywebrequestassetbundle@1.0.0)
    com.unity.modules.unitywebrequestaudio@1.0.0 (location: D:\Dev\Eugene_D2\Library\PackageCache\com.unity.modules.unitywebrequestaudio@1.0.0)
    com.unity.modules.unitywebrequesttexture@1.0.0 (location: D:\Dev\Eugene_D2\Library\PackageCache\com.unity.modules.unitywebrequesttexture@1.0.0)
    com.unity.modules.unitywebrequestwww@1.0.0 (location: D:\Dev\Eugene_D2\Library\PackageCache\com.unity.modules.unitywebrequestwww@1.0.0)
    com.unity.modules.video@1.0.0 (location: D:\Dev\Eugene_D2\Library\PackageCache\com.unity.modules.video@1.0.0)
    com.unity.render-pipelines.core@14.0.12 (location: D:\Dev\Eugene_D2\Library\PackageCache\com.unity.render-pipelines.core@14.0.12)
    com.unity.shadergraph@14.0.12 (location: D:\Dev\Eugene_D2\Library\PackageCache\com.unity.shadergraph@14.0.12)
    com.unity.render-pipelines.universal-config@14.0.10 (location: D:\Dev\Eugene_D2\Library\PackageCache\com.unity.render-pipelines.universal-config@14.0.10)
  Git packages:
    com.codewriter.triinspector@https://github.com/codewriter-packages/Tri-Inspector.git (location: D:\Dev\Eugene_D2\Library\PackageCache\com.codewriter.triinspector@9e4299e070)
    com.coffee.softmask-for-ugui@https://github.com/mob-sakai/SoftMaskForUGUI.git?path=Packages/src (location: D:\Dev\Eugene_D2\Library\PackageCache\com.coffee.softmask-for-ugui@f9868197c0)
    com.coffee.ui-particle@https://github.com/mob-sakai/ParticleEffectForUGUI.git#4.9.0 (location: D:\Dev\Eugene_D2\Library\PackageCache\com.coffee.ui-particle@4dfcb9075e)
    com.cysharp.r3@https://github.com/Cysharp/R3.git?path=src/R3.Unity/Assets/R3.Unity (location: D:\Dev\Eugene_D2\Library\PackageCache\com.cysharp.r3@fbc12b2c0b)
    com.cysharp.unitask@https://github.com/Cysharp/UniTask.git?path=src/UniTask/Assets/Plugins/UniTask (location: D:\Dev\Eugene_D2\Library\PackageCache\com.cysharp.unitask@06067cd4c8)
    com.github-glitchenzo.nugetforunity@https://github.com/GlitchEnzo/NuGetForUnity.git?path=/src/NuGetForUnity (location: D:\Dev\Eugene_D2\Library\PackageCache\com.github-glitchenzo.nugetforunity@f8f1902ebe)
    com.gwiazdorrr.betterstreamingassets@https://github.com/gwiazdorrr/BetterStreamingAssets.git (location: D:\Dev\Eugene_D2\Library\PackageCache\com.gwiazdorrr.betterstreamingassets@2bdc568484)
    jp.hadashikick.vcontainer@https://github.com/hadashiA/VContainer.git?path=VContainer/Assets/VContainer#1.16.8 (location: D:\Dev\Eugene_D2\Library\PackageCache\jp.hadashikick.vcontainer@5e6f5cc14b)
    io.saygames.services@https://gitlab+deploy-token-12:gldt-qfDuc8cx3srNh7X-EigY@gitlab.saygames.io/saykit/sg-services.git?path=/Packages/SayGamesServices#v1.1.53 (location: D:\Dev\Eugene_D2\Library\PackageCache\io.saygames.services@57d75d7802)
[Subsystems] No new subsystems found in resolved package list.
Package Manager log level set to [2]
[Package Manager] Done registering packages in 0.18 seconds
Artifact Garbage Collection - Removed 4 unused hashed content files
[Licensing::Client] Successfully resolved entitlement details
Refreshing native plugins compatible for Editor in 11.33 ms, found 4 plugins.
Preloading 0 native plugins for Editor in 0.00 ms.
Initialize engine version: 2022.3.62f2 (7670c08855a9)
[Subsystems] Discovering subsystems at path C:/Program Files/Unity/Hub/Editor/2022.3.62f2/Editor/Data/Resources/UnitySubsystems
[Subsystems] Discovering subsystems at path D:/Dev/Eugene_D2/Assets
GfxDevice: creating device client; threaded=0; jobified=0
Direct3D:
    Version:  Direct3D 11.0 [level 11.1]
    Renderer: NVIDIA GeForce RTX 4070 (ID=0x2786)
    Vendor:   NVIDIA
    VRAM:     12012 MB
    Driver:   32.0.15.6094
[Licensing::Client] Successfully resolved entitlement details
Initialize mono
Mono path[0] = 'C:/Program Files/Unity/Hub/Editor/2022.3.62f2/Editor/Data/Managed'
Mono path[1] = 'C:/Program Files/Unity/Hub/Editor/2022.3.62f2/Editor/Data/MonoBleedingEdge/lib/mono/unityjit-win32'
Mono config path = 'C:/Program Files/Unity/Hub/Editor/2022.3.62f2/Editor/Data/MonoBleedingEdge/etc'
Using monoOptions --debugger-agent=transport=dt_socket,embedding=1,server=y,suspend=n,address=127.0.0.1:56984
Using cacheserver namespaces - metadata:defaultmetadata, artifacts:defaultartifacts
Using cacheserver namespaces - metadata:defaultmetadata, artifacts:defaultartifacts
ImportWorker Server TCP listen port: 0
Begin MonoManager ReloadAssembly
Registering precompiled unity dll's ...
Register platform support module: C:/Program Files/Unity/Hub/Editor/2022.3.62f2/Editor/Data/PlaybackEngines/AndroidPlayer/UnityEditor.Android.Extensions.dll
[Licensing::Client] Successfully resolved entitlement details
Register platform support module: C:/Program Files/Unity/Hub/Editor/2022.3.62f2/Editor/Data/PlaybackEngines/iOSSupport/UnityEditor.iOS.Extensions.dll
Register platform support module: C:/Program Files/Unity/Hub/Editor/2022.3.62f2/Editor/Data/PlaybackEngines/WindowsStandaloneSupport/UnityEditor.WindowsStandalone.Extensions.dll
Registered in 0.018829 seconds.
- Loaded All Assemblies, in  0.245 seconds
Native extension for WindowsStandalone target not found
[usbmuxd] Start listen thread
[usbmuxd] Listen thread started
Native extension for iOS target not found
Native extension for Android target not found
Android Extension - Scanning For ADB Devices 2177 ms
Mono: successfully reloaded assembly
- Finished resetting the current domain, in  2.427 seconds
Domain Reload Profiling: 2671ms
	BeginReloadAssembly (69ms)
		ExecutionOrderSort (0ms)
		DisableScriptedObjects (0ms)
		BackupInstance (0ms)
		ReleaseScriptingObjects (0ms)
		CreateAndSetChildDomain (1ms)
	RebuildCommonClasses (21ms)
	RebuildNativeTypeToScriptingClass (7ms)
	initialDomainReloadingComplete (54ms)
	LoadAllAssembliesAndSetupDomain (92ms)
		LoadAssemblies (68ms)
		RebuildTransferFunctionScriptingTraits (0ms)
		AnalyzeDomain (90ms)
			TypeCache.Refresh (89ms)
				TypeCache.ScanAssembly (81ms)
			ScanForSourceGeneratedMonoScriptInfo (0ms)
			ResolveRequiredComponents (0ms)
	FinalizeReload (2427ms)
		ReleaseScriptCaches (0ms)
		RebuildScriptCaches (0ms)
		SetupLoadedEditorAssemblies (2397ms)
			LogAssemblyErrors (0ms)
			InitializePlatformSupportModulesInManaged (2269ms)
			SetLoadedEditorAssemblies (4ms)
			RefreshPlugins (0ms)
			BeforeProcessingInitializeOnLoad (2ms)
			ProcessInitializeOnLoadAttributes (87ms)
			ProcessInitializeOnLoadMethodAttributes (35ms)
			AfterProcessingInitializeOnLoad (0ms)
			EditorAssembliesLoaded (0ms)
		ExecutionOrderSort2 (0ms)
		AwakeInstancesAfterBackupRestoration (0ms)
[Licensing::Client] Successfully resolved entitlement details
[Licensing::Client] Successfully resolved entitlement details
Application.AssetDatabase Initial Refresh Start
[ScriptCompilation] Requested script compilation because: Assembly Definition File(s) changed
[ScriptCompilation] Requested script compilation because: Assetdatabase observed changes in script compilation related files
info: Microsoft.Hosting.Lifetime[14]
      Now listening on: http://localhost:80
info: Microsoft.Hosting.Lifetime[0]
      Application started. Press Ctrl+C to shut down.
info: Microsoft.Hosting.Lifetime[0]
      Hosting environment: Production
info: Microsoft.Hosting.Lifetime[0]
      Content root path: D:\Dev\Eugene_D2\
info: Microsoft.AspNetCore.Hosting.Diagnostics[1]
      Request starting HTTP/2 POST http://ilpp/UnityILPP.PostProcessing/Ping application/grpc -
info: Microsoft.AspNetCore.Routing.EndpointMiddleware[0]
      Executing endpoint 'gRPC - /UnityILPP.PostProcessing/Ping'
info: Microsoft.AspNetCore.Routing.EndpointMiddleware[1]
      Executed endpoint 'gRPC - /UnityILPP.PostProcessing/Ping'
info: Microsoft.AspNetCore.Hosting.Diagnostics[2]
      Request finished HTTP/2 POST http://ilpp/UnityILPP.PostProcessing/Ping application/grpc - - 200 - application/grpc 27.5585ms
Starting: C:\Program Files\Unity\Hub\Editor\2022.3.62f2\Editor\Data\bee_backend.exe --ipc --defer-dag-verification --dagfile="Library/Bee/1300b0aEDbg.dag" --continue-on-failure --profile="Library/Bee/backend1.traceevents" ScriptAssemblies
WorkingDir: D:/Dev/Eugene_D2
info: Microsoft.AspNetCore.Hosting.Diagnostics[1]
      Request starting HTTP/2 POST http://ilpp/UnityILPP.PostProcessing/ConfigurePostProcessors application/grpc -
info: Microsoft.AspNetCore.Routing.EndpointMiddleware[0]
      Executing endpoint 'gRPC - /UnityILPP.PostProcessing/ConfigurePostProcessors'
warn: Unity.ILPP.Runner.PostProcessingAssemblyLoadContext[0]
      Assembly system.runtime.interopservices.windowsruntime has duplicate hint path. Ignoring "C:\Program Files\Unity\Hub\Editor\2022.3.62f2\Editor\Data\UnityReferenceAssemblies\unity-4.8-api\Facades\System.Runtime.InteropServices.WindowsRuntime.dll" in favor of "C:\Program Files\Unity\Hub\Editor\2022.3.62f2\Editor\Data\NetStandard\Extensions\2.0.0\System.Runtime.InteropServices.WindowsRuntime.dll"
warn: Unity.ILPP.Runner.PostProcessingAssemblyLoadContext[0]
      Assembly system.componentmodel.composition has duplicate hint path. Ignoring "C:\Program Files\Unity\Hub\Editor\2022.3.62f2\Editor\Data\UnityReferenceAssemblies\unity-4.8-api\System.ComponentModel.Composition.dll" in favor of "C:\Program Files\Unity\Hub\Editor\2022.3.62f2\Editor\Data\NetStandard\compat\2.1.0\shims\netfx\System.ComponentModel.Composition.dll"
info: Unity.ILPP.Runner.PostProcessingAssemblyLoadContext[0]
      Resolved Unity.Burst.Cecil, Version=0.11.4.0, Culture=neutral, PublicKeyToken=50cebf1cceb9d05e with Library\PackageCache\com.unity.burst@1.8.23\Unity.Burst.CodeGen\Unity.Burst.Cecil.dll
info: Microsoft.AspNetCore.Routing.EndpointMiddleware[1]
      Executed endpoint 'gRPC - /UnityILPP.PostProcessing/ConfigurePostProcessors'
info: Microsoft.AspNetCore.Hosting.Diagnostics[2]
      Request finished HTTP/2 POST http://ilpp/UnityILPP.PostProcessing/ConfigurePostProcessors application/grpc - - 200 - application/grpc 35.1984ms
DisplayProgressbar: Compiling Scripts
ExitCode: 4 Duration: 0s666ms
[ 919/1224  0s] ILPP-Configuration Library/ilpp-configuration.nevergeneratedoutput
Rebuilding DAG because FileSignature timestamp changed: Library/Bee/1300b0aEDbg-inputdata.json
*** Tundra requires additional run (0.65 seconds), 2 items updated, 1219 evaluated
Starting: C:\Program Files\Unity\Hub\Editor\2022.3.62f2\Editor\Data\Tools\netcorerun\netcorerun.exe "C:\Program Files\Unity\Hub\Editor\2022.3.62f2\Editor\Data\Tools\BuildPipeline\ScriptCompilationBuildProgram.exe" "Library/Bee/1300b0aEDbg.dag.json" "Library/Bee/1300b0aEDbg-inputdata.json" "Library\Bee\buildprogram0.traceevents"
WorkingDir: D:/Dev/Eugene_D2
ExitCode: 0 Duration: 0s664ms
Starting: C:\Program Files\Unity\Hub\Editor\2022.3.62f2\Editor\Data\bee_backend.exe --ipc --defer-dag-verification --dagfile="Library/Bee/1300b0aEDbg.dag" --continue-on-failure --dagfilejson="Library\Bee\1300b0aEDbg.dag.json" --profile="Library/Bee/backend2.traceevents" ScriptAssemblies
WorkingDir: D:/Dev/Eugene_D2
info: Microsoft.AspNetCore.Hosting.Diagnostics[1]
      Request starting HTTP/2 POST http://ilpp/UnityILPP.PostProcessing/ConfigurePostProcessors application/grpc -
info: Microsoft.AspNetCore.Routing.EndpointMiddleware[0]
      Executing endpoint 'gRPC - /UnityILPP.PostProcessing/ConfigurePostProcessors'
info: Unity.ILPP.Runner.PostProcessingAssemblyLoadContext[0]
      Current configuration matches the requested one, skipping
info: Microsoft.AspNetCore.Routing.EndpointMiddleware[1]
      Executed endpoint 'gRPC - /UnityILPP.PostProcessing/ConfigurePostProcessors'
info: Microsoft.AspNetCore.Hosting.Diagnostics[2]
      Request finished HTTP/2 POST http://ilpp/UnityILPP.PostProcessing/ConfigurePostProcessors application/grpc - - 200 - application/grpc 0.7955ms
info: Microsoft.AspNetCore.Hosting.Diagnostics[1]
      Request starting HTTP/2 POST http://ilpp/UnityILPP.PostProcessing/PostProcessAssembly application/grpc -
info: Microsoft.AspNetCore.Hosting.Diagnostics[1]
      Request starting HTTP/2 POST http://ilpp/UnityILPP.PostProcessing/PostProcessAssembly application/grpc -
info: Microsoft.AspNetCore.Routing.EndpointMiddleware[0]
      Executing endpoint 'gRPC - /UnityILPP.PostProcessing/PostProcessAssembly'
info: Microsoft.AspNetCore.Routing.EndpointMiddleware[0]
      Executing endpoint 'gRPC - /UnityILPP.PostProcessing/PostProcessAssembly'
info: Unity.ILPP.Runner.PostProcessingPipeline[0]
      Processing assembly Library/Bee/artifacts/1300b0aEDbg.dag/Unity.Formats.Fbx.Runtime.dll, with 128 defines and 232 references
info: Unity.ILPP.Runner.PostProcessingPipeline[0]
      Processing assembly Library/Bee/artifacts/1300b0aEDbg.dag/Autodesk.Fbx.Editor.dll, with 126 defines and 248 references
info: Unity.ILPP.Runner.PostProcessingPipeline[0]
      processors: zzzUnity.Burst.CodeGen.BurstILPostProcessor
info: Unity.ILPP.Runner.PostProcessingPipeline[0]
      processors: zzzUnity.Burst.CodeGen.BurstILPostProcessor
info: Unity.ILPP.Runner.PostProcessingPipeline[0]
      running zzzUnity.Burst.CodeGen.BurstILPostProcessor
info: Unity.ILPP.Runner.PostProcessingPipeline[0]
      running zzzUnity.Burst.CodeGen.BurstILPostProcessor
info: Microsoft.AspNetCore.Routing.EndpointMiddleware[1]
      Executed endpoint 'gRPC - /UnityILPP.PostProcessing/PostProcessAssembly'
info: Microsoft.AspNetCore.Routing.EndpointMiddleware[1]
      Executed endpoint 'gRPC - /UnityILPP.PostProcessing/PostProcessAssembly'
info: Microsoft.AspNetCore.Hosting.Diagnostics[2]
      Request finished HTTP/2 POST http://ilpp/UnityILPP.PostProcessing/PostProcessAssembly application/grpc - - 200 - application/grpc 11.0320ms
info: Microsoft.AspNetCore.Hosting.Diagnostics[2]
      Request finished HTTP/2 POST http://ilpp/UnityILPP.PostProcessing/PostProcessAssembly application/grpc - - 200 - application/grpc 11.0302ms
info: Microsoft.AspNetCore.Hosting.Diagnostics[1]
      Request starting HTTP/2 POST http://ilpp/UnityILPP.PostProcessing/PostProcessAssembly application/grpc -
info: Microsoft.AspNetCore.Routing.EndpointMiddleware[0]
      Executing endpoint 'gRPC - /UnityILPP.PostProcessing/PostProcessAssembly'
info: Unity.ILPP.Runner.PostProcessingPipeline[0]
      Processing assembly Library/Bee/artifacts/1300b0aEDbg.dag/Autodesk.Fbx.dll, with 128 defines and 232 references
info: Unity.ILPP.Runner.PostProcessingPipeline[0]
      processors: zzzUnity.Burst.CodeGen.BurstILPostProcessor
info: Unity.ILPP.Runner.PostProcessingPipeline[0]
      running zzzUnity.Burst.CodeGen.BurstILPostProcessor
info: Microsoft.AspNetCore.Routing.EndpointMiddleware[1]
      Executed endpoint 'gRPC - /UnityILPP.PostProcessing/PostProcessAssembly'
info: Microsoft.AspNetCore.Hosting.Diagnostics[2]
      Request finished HTTP/2 POST http://ilpp/UnityILPP.PostProcessing/PostProcessAssembly application/grpc - - 200 - application/grpc 1.7460ms
info: Microsoft.AspNetCore.Hosting.Diagnostics[1]
      Request starting HTTP/2 POST http://ilpp/UnityILPP.PostProcessing/PostProcessAssembly application/grpc -
info: Microsoft.AspNetCore.Routing.EndpointMiddleware[0]
      Executing endpoint 'gRPC - /UnityILPP.PostProcessing/PostProcessAssembly'
info: Unity.ILPP.Runner.PostProcessingPipeline[0]
      Processing assembly Library/Bee/artifacts/1300b0aEDbg.dag/FbxBuildTestAssets.dll, with 128 defines and 211 references
info: Unity.ILPP.Runner.PostProcessingPipeline[0]
      processors: zzzUnity.Burst.CodeGen.BurstILPostProcessor
info: Unity.ILPP.Runner.PostProcessingPipeline[0]
      running zzzUnity.Burst.CodeGen.BurstILPostProcessor
info: Microsoft.AspNetCore.Routing.EndpointMiddleware[1]
      Executed endpoint 'gRPC - /UnityILPP.PostProcessing/PostProcessAssembly'
info: Microsoft.AspNetCore.Hosting.Diagnostics[2]
      Request finished HTTP/2 POST http://ilpp/UnityILPP.PostProcessing/PostProcessAssembly application/grpc - - 200 - application/grpc 2.6841ms
info: Microsoft.AspNetCore.Hosting.Diagnostics[1]
      Request starting HTTP/2 POST http://ilpp/UnityILPP.PostProcessing/PostProcessAssembly application/grpc -
info: Microsoft.AspNetCore.Routing.EndpointMiddleware[0]
      Executing endpoint 'gRPC - /UnityILPP.PostProcessing/PostProcessAssembly'
info: Unity.ILPP.Runner.PostProcessingPipeline[0]
      Processing assembly Library/Bee/artifacts/1300b0aEDbg.dag/Unity.Formats.Fbx.Editor.dll, with 126 defines and 252 references
info: Unity.ILPP.Runner.PostProcessingPipeline[0]
      processors: zzzUnity.Burst.CodeGen.BurstILPostProcessor
info: Unity.ILPP.Runner.PostProcessingPipeline[0]
      running zzzUnity.Burst.CodeGen.BurstILPostProcessor
info: Microsoft.AspNetCore.Routing.EndpointMiddleware[1]
      Executed endpoint 'gRPC - /UnityILPP.PostProcessing/PostProcessAssembly'
info: Microsoft.AspNetCore.Hosting.Diagnostics[2]
      Request finished HTTP/2 POST http://ilpp/UnityILPP.PostProcessing/PostProcessAssembly application/grpc - - 200 - application/grpc 1.6731ms
info: Microsoft.AspNetCore.Hosting.Diagnostics[1]
      Request starting HTTP/2 POST http://ilpp/UnityILPP.PostProcessing/PostProcessAssembly application/grpc -
info: Microsoft.AspNetCore.Routing.EndpointMiddleware[0]
      Executing endpoint 'gRPC - /UnityILPP.PostProcessing/PostProcessAssembly'
info: Unity.ILPP.Runner.PostProcessingPipeline[0]
      Processing assembly Library/Bee/artifacts/1300b0aEDbg.dag/Assembly-CSharp.dll, with 128 defines and 311 references
info: Unity.ILPP.Runner.PostProcessingPipeline[0]
      processors: zzzUnity.Burst.CodeGen.BurstILPostProcessor
info: Unity.ILPP.Runner.PostProcessingPipeline[0]
      running zzzUnity.Burst.CodeGen.BurstILPostProcessor
info: Unity.ILPP.Runner.PostProcessingAssemblyLoadContext[0]
      Resolved Unity.Burst.Cecil.Rocks, Version=0.11.4.0, Culture=neutral, PublicKeyToken=50cebf1cceb9d05e with Library\PackageCache\com.unity.burst@1.8.23\Unity.Burst.CodeGen\Unity.Burst.Cecil.Rocks.dll
info: Microsoft.AspNetCore.Hosting.Diagnostics[1]
      Request starting HTTP/2 POST http://ilpp/UnityILPP.PostProcessing/PostProcessAssembly application/grpc -
info: Microsoft.AspNetCore.Routing.EndpointMiddleware[0]
      Executing endpoint 'gRPC - /UnityILPP.PostProcessing/PostProcessAssembly'
info: Unity.ILPP.Runner.PostProcessingPipeline[0]
      Processing assembly Library/Bee/artifacts/1300b0aEDbg.dag/Assembly-CSharp-Editor.dll, with 126 defines and 340 references
info: Unity.ILPP.Runner.PostProcessingPipeline[0]
      processors: zzzUnity.Burst.CodeGen.BurstILPostProcessor
info: Unity.ILPP.Runner.PostProcessingPipeline[0]
      running zzzUnity.Burst.CodeGen.BurstILPostProcessor
info: Microsoft.AspNetCore.Routing.EndpointMiddleware[1]
      Executed endpoint 'gRPC - /UnityILPP.PostProcessing/PostProcessAssembly'
info: Microsoft.AspNetCore.Hosting.Diagnostics[2]
      Request finished HTTP/2 POST http://ilpp/UnityILPP.PostProcessing/PostProcessAssembly application/grpc - - 200 - application/grpc 54.6587ms
info: Microsoft.AspNetCore.Routing.EndpointMiddleware[1]
      Executed endpoint 'gRPC - /UnityILPP.PostProcessing/PostProcessAssembly'
info: Microsoft.AspNetCore.Hosting.Diagnostics[2]
      Request finished HTTP/2 POST http://ilpp/UnityILPP.PostProcessing/PostProcessAssembly application/grpc - - 200 - application/grpc 296.7241ms
ExitCode: 0 Duration: 3s8ms
Finished compiling graph: 1280 nodes, 19205 flattened edges (15487 ToBuild, 224 ToUse), maximum node priority 1300
[ 378/1276  0s] WriteText Library/Bee/artifacts/1300b0aEDbg.dag/Unity.Formats.Fbx.Runtime.rsp2
[ 393/1276  0s] WriteText Library/Bee/artifacts/1300b0aEDbg.dag/Autodesk.Fbx.dll.mvfrm.rsp
[ 395/1276  0s] WriteText Library/Bee/artifacts/1300b0aEDbg.dag/Autodesk.Fbx.rsp
[ 405/1276  0s] WriteText Library/Bee/artifacts/1300b0aEDbg.dag/Unity.Formats.Fbx.Editor.UnityAdditionalFile.txt
[ 406/1276  0s] WriteText Library/Bee/artifacts/1300b0aEDbg.dag/Unity.Formats.Fbx.Runtime.UnityAdditionalFile.txt
[ 496/1276  0s] WriteText Library/Bee/artifacts/1300b0aEDbg.dag/Unity.Formats.Fbx.Editor.rsp2
[ 498/1276  0s] WriteText Library/Bee/artifacts/1300b0aEDbg.dag/Autodesk.Fbx.UnityAdditionalFile.txt
[ 502/1276  0s] WriteText Library/Bee/artifacts/1300b0aEDbg.dag/Autodesk.Fbx.rsp2
[ 510/1276  0s] WriteText Library/Bee/artifacts/1300b0aEDbg.dag/Unity.Formats.Fbx.Editor.dll.mvfrm.rsp
[ 511/1276  0s] WriteText Library/Bee/artifacts/1300b0aEDbg.dag/Unity.Formats.Fbx.Runtime.dll.mvfrm.rsp
[ 521/1276  0s] WriteText Library/Bee/artifacts/1300b0aEDbg.dag/Autodesk.Fbx.Editor.UnityAdditionalFile.txt
[ 537/1276  0s] WriteText Library/Bee/artifacts/1300b0aEDbg.dag/Unity.Formats.Fbx.Runtime.rsp
[ 545/1276  0s] WriteText Library/Bee/artifacts/1300b0aEDbg.dag/Autodesk.Fbx.Editor.rsp2
[ 547/1276  0s] WriteText Library/Bee/artifacts/1300b0aEDbg.dag/Autodesk.Fbx.Editor.rsp
[ 556/1276  0s] WriteText Library/Bee/artifacts/1300b0aEDbg.dag/Autodesk.Fbx.Editor.dll.mvfrm.rsp
[ 566/1276  0s] WriteText Library/Bee/artifacts/1300b0aEDbg.dag/Unity.Formats.Fbx.Editor.rsp
[ 585/1276  0s] WriteText Library/Bee/artifacts/1300b0aEDbg.dag/Assembly-CSharp.dll.mvfrm.rsp
[ 586/1276  0s] WriteText Library/Bee/artifacts/1300b0aEDbg.dag/FbxBuildTestAssets.dll.mvfrm.rsp
[ 587/1276  0s] WriteText Library/Bee/artifacts/1300b0aEDbg.dag/FbxBuildTestAssets.UnityAdditionalFile.txt
[ 588/1276  0s] WriteText Library/Bee/artifacts/1300b0aEDbg.dag/Assembly-CSharp-Editor.dll.mvfrm.rsp
[ 603/1276  0s] WriteText Library/Bee/artifacts/1300b0aEDbg.dag/FbxBuildTestAssets.rsp2
[ 621/1276  0s] WriteText Library/Bee/artifacts/1300b0aEDbg.dag/Assembly-CSharp.rsp
[ 625/1276  0s] WriteResponseFile Library/Bee/artifacts/rsp/1958893954508280788.rsp
[ 638/1276  0s] WriteResponseFile Library/Bee/artifacts/rsp/12505065089678273002.rsp
[ 640/1276  0s] WriteResponseFile Library/Bee/artifacts/rsp/12546371273225361319.rsp
[ 646/1276  0s] WriteText Library/Bee/artifacts/1300b0aEDbg.dag/FbxBuildTestAssets.rsp
[ 649/1276  0s] WriteText Library/Bee/artifacts/1300b0aEDbg.dag/Assembly-CSharp-Editor.rsp
[ 660/1276  0s] WriteResponseFile Library/Bee/artifacts/rsp/1838406265171052481.rsp
[ 661/1276  0s] WriteResponseFile Library/Bee/artifacts/rsp/9112704893961345648.rsp
[ 662/1276  0s] WriteResponseFile Library/Bee/artifacts/rsp/7478879123756784533.rsp
[ 663/1276  0s] WriteResponseFile Library/Bee/artifacts/rsp/7908171937365489455.rsp
[ 941/1276  0s] ILPP-Configuration Library/ilpp-configuration.nevergeneratedoutput
[1239/1276  0s] MovedFromExtractorCombine Library/Bee/artifacts/1300b0aEDbg.dag/FbxBuildTestAssets.dll.mvfrm
[1240/1276  0s] MovedFromExtractorCombine Library/Bee/artifacts/1300b0aEDbg.dag/Autodesk.Fbx.Editor.dll.mvfrm
[1241/1276  0s] MovedFromExtractorCombine Library/Bee/artifacts/1300b0aEDbg.dag/Unity.Formats.Fbx.Runtime.dll.mvfrm
[1242/1276  0s] MovedFromExtractorCombine Library/Bee/artifacts/1300b0aEDbg.dag/Autodesk.Fbx.dll.mvfrm
[1243/1276  0s] Csc Library/Bee/artifacts/1300b0aEDbg.dag/Unity.Formats.Fbx.Runtime.dll (+2 others)
[1244/1276  0s] Csc Library/Bee/artifacts/1300b0aEDbg.dag/Autodesk.Fbx.Editor.dll (+2 others)
[           0s] Csc Library/Bee/artifacts/1300b0aEDbg.dag/Autodesk.Fbx.Editor.dll (+2 others) [CacheWrite 00000000000000000000000000000003]
[           0s] Csc Library/Bee/artifacts/1300b0aEDbg.dag/Unity.Formats.Fbx.Runtime.dll (+2 others) [CacheWrite 00000000000000000000000000000003]
[1245/1276  0s] ILPostProcess Library/Bee/artifacts/1300b0aEDbg.dag/post-processed/Autodesk.Fbx.Editor.dll (+pdb)
Processing assembly Library/Bee/artifacts/1300b0aEDbg.dag/Autodesk.Fbx.Editor.dll, with 126 defines and 248 references

processors: zzzUnity.Burst.CodeGen.BurstILPostProcessor

running zzzUnity.Burst.CodeGen.BurstILPostProcessor
[1246/1276  0s] ILPostProcess Library/Bee/artifacts/1300b0aEDbg.dag/post-processed/Unity.Formats.Fbx.Runtime.dll (+pdb)
Processing assembly Library/Bee/artifacts/1300b0aEDbg.dag/Unity.Formats.Fbx.Runtime.dll, with 128 defines and 232 references

processors: zzzUnity.Burst.CodeGen.BurstILPostProcessor

running zzzUnity.Burst.CodeGen.BurstILPostProcessor
[1247/1276  0s] CopyFiles Library/ScriptAssemblies/Unity.Formats.Fbx.Runtime.pdb
[1248/1276  0s] CopyFiles Library/ScriptAssemblies/Unity.Formats.Fbx.Runtime.dll
[1249/1276  0s] CopyFiles Library/ScriptAssemblies/Autodesk.Fbx.Editor.dll
[1250/1276  0s] CopyFiles Library/ScriptAssemblies/Autodesk.Fbx.Editor.pdb
[1251/1276  0s] MovedFromExtractor Library/Bee/artifacts/mvdfrm/Unity.Formats.Fbx.Runtime.ref.dll_CECEFA5A21CADF89.mvfrm
[1252/1276  0s] MovedFromExtractorCombine Library/Bee/artifacts/1300b0aEDbg.dag/Unity.Formats.Fbx.Editor.dll.mvfrm
[1253/1276  0s] Csc Library/Bee/artifacts/1300b0aEDbg.dag/Autodesk.Fbx.dll (+2 others)
[           0s] Csc Library/Bee/artifacts/1300b0aEDbg.dag/Autodesk.Fbx.dll (+2 others) [CacheWrite 00000000000000000000000000000003]
[1254/1276  0s] ILPostProcess Library/Bee/artifacts/1300b0aEDbg.dag/post-processed/Autodesk.Fbx.dll (+pdb)
Processing assembly Library/Bee/artifacts/1300b0aEDbg.dag/Autodesk.Fbx.dll, with 128 defines and 232 references

processors: zzzUnity.Burst.CodeGen.BurstILPostProcessor

running zzzUnity.Burst.CodeGen.BurstILPostProcessor
[1255/1276  0s] CopyFiles Library/ScriptAssemblies/Autodesk.Fbx.pdb
[1256/1276  0s] CopyFiles Library/ScriptAssemblies/Autodesk.Fbx.dll
[1257/1276  0s] Csc Library/Bee/artifacts/1300b0aEDbg.dag/FbxBuildTestAssets.dll (+2 others)
[           0s] Csc Library/Bee/artifacts/1300b0aEDbg.dag/FbxBuildTestAssets.dll (+2 others) [CacheWrite 00000000000000000000000000000003]
[1258/1276  0s] ILPostProcess Library/Bee/artifacts/1300b0aEDbg.dag/post-processed/FbxBuildTestAssets.dll (+pdb)
Processing assembly Library/Bee/artifacts/1300b0aEDbg.dag/FbxBuildTestAssets.dll, with 128 defines and 211 references

processors: zzzUnity.Burst.CodeGen.BurstILPostProcessor

running zzzUnity.Burst.CodeGen.BurstILPostProcessor
[1259/1276  0s] CopyFiles Library/ScriptAssemblies/FbxBuildTestAssets.dll
[1260/1276  0s] CopyFiles Library/ScriptAssemblies/FbxBuildTestAssets.pdb
[1261/1276  0s] Csc Library/Bee/artifacts/1300b0aEDbg.dag/Unity.Formats.Fbx.Editor.dll (+2 others)
[           0s] Csc Library/Bee/artifacts/1300b0aEDbg.dag/Unity.Formats.Fbx.Editor.dll (+2 others) [CacheWrite 00000000000000000000000000000003]
[1262/1276  0s] ILPostProcess Library/Bee/artifacts/1300b0aEDbg.dag/post-processed/Unity.Formats.Fbx.Editor.dll (+pdb)
Processing assembly Library/Bee/artifacts/1300b0aEDbg.dag/Unity.Formats.Fbx.Editor.dll, with 126 defines and 252 references

processors: zzzUnity.Burst.CodeGen.BurstILPostProcessor

running zzzUnity.Burst.CodeGen.BurstILPostProcessor
[1263/1276  0s] CopyFiles Library/ScriptAssemblies/Unity.Formats.Fbx.Editor.pdb
[1264/1276  0s] CopyFiles Library/ScriptAssemblies/Unity.Formats.Fbx.Editor.dll
[1265/1276  0s] MovedFromExtractor Library/Bee/artifacts/mvdfrm/Unity.Formats.Fbx.Editor.ref.dll_5E9C25B0C5BE7982.mvfrm
[1266/1276  0s] MovedFromExtractorCombine Library/Bee/artifacts/1300b0aEDbg.dag/Assembly-CSharp.dll.mvfrm
[1267/1276  0s] MovedFromExtractorCombine Library/Bee/artifacts/1300b0aEDbg.dag/Assembly-CSharp-Editor.dll.mvfrm
[1268/1276  1s] Csc Library/Bee/artifacts/1300b0aEDbg.dag/Assembly-CSharp.dll (+2 others)
Assets\_Project\Develop\Runtime\Infrastructure\Utilities\SceneTools\SpiralObjectPlacer.cs(13,44): warning CS0414: The field 'SpiralObjectPlacer.distanceY' is assigned but its value is never used

Assets\_Project\Develop\Runtime\Infrastructure\Utilities\SceneTools\SphereObjectPlacer.cs(18,40): warning CS0414: The field 'SphereObjectPlacer.radiusStep' is assigned but its value is never used

Assets\_Project\Develop\Runtime\Features\Social\SocialSrc\SocialService.cs(23,40): warning CS0414: The field 'SocialService.ServerHostProd' is assigned but its value is never used
[1269/1276  0s] Csc Library/Bee/artifacts/1300b0aEDbg.dag/Assembly-CSharp-Editor.dll (+2 others)
[1270/1276  0s] ILPostProcess Library/Bee/artifacts/1300b0aEDbg.dag/post-processed/Assembly-CSharp-Editor.dll (+pdb)
Processing assembly Library/Bee/artifacts/1300b0aEDbg.dag/Assembly-CSharp-Editor.dll, with 126 defines and 340 references

processors: zzzUnity.Burst.CodeGen.BurstILPostProcessor

running zzzUnity.Burst.CodeGen.BurstILPostProcessor
[1271/1276  0s] ILPostProcess Library/Bee/artifacts/1300b0aEDbg.dag/post-processed/Assembly-CSharp.dll (+pdb)
Processing assembly Library/Bee/artifacts/1300b0aEDbg.dag/Assembly-CSharp.dll, with 128 defines and 311 references

processors: zzzUnity.Burst.CodeGen.BurstILPostProcessor

running zzzUnity.Burst.CodeGen.BurstILPostProcessor
[1272/1276  0s] CopyFiles Library/ScriptAssemblies/Assembly-CSharp-Editor.dll
[1273/1276  0s] CopyFiles Library/ScriptAssemblies/Assembly-CSharp-Editor.pdb
[1274/1276  0s] CopyFiles Library/ScriptAssemblies/Assembly-CSharp.pdb
[1275/1276  0s] CopyFiles Library/ScriptAssemblies/Assembly-CSharp.dll
*** Tundra build success (2.99 seconds), 69 items updated, 1276 evaluated
Assets\_Project\Develop\Runtime\Infrastructure\Utilities\SceneTools\SpiralObjectPlacer.cs(13,44): warning CS0414: The field 'SpiralObjectPlacer.distanceY' is assigned but its value is never used
Assets\_Project\Develop\Runtime\Infrastructure\Utilities\SceneTools\SphereObjectPlacer.cs(18,40): warning CS0414: The field 'SphereObjectPlacer.radiusStep' is assigned but its value is never used
Assets\_Project\Develop\Runtime\Features\Social\SocialSrc\SocialService.cs(23,40): warning CS0414: The field 'SocialService.ServerHostProd' is assigned but its value is never used
AssetDatabase: script compilation time: 4.782806s
Begin MonoManager ReloadAssembly
Total cache size 268789648
Total cache size after purge 268426224
Symbol file LoadedFromMemory is not a mono symbol file
- Loaded All Assemblies, in  0.734 seconds
Refreshing native plugins compatible for Editor in 4.12 ms, found 5 plugins.
Refreshing native plugins compatible for Editor in 4.50 ms, found 5 plugins.
Preloading 0 native plugins for Editor in 0.00 ms.
Start importing Packages/com.autodesk.fbx using Guid(f57bfbf8d842397e3b14245e4cbff1cb) Importer(-1,00000000000000000000000000000000) [PhysX] Initialized MultithreadedTaskDispatcher with 16 workers.
 -> (artifact id: 'e6ebf55bbdf3cdf175930d61857c8311') in 0.071394 seconds
Start importing Packages/com.unity.formats.fbx using Guid(dd5fabb5c3d19d0b5f9828e6d023c70f) Importer(-1,00000000000000000000000000000000) [PhysX] Initialized MultithreadedTaskDispatcher with 16 workers.
 -> (artifact id: '922d5f1364c4f0ae64dba033a9cb0fde') in 0.000565 seconds
Start importing Packages/com.autodesk.fbx/Tests using Guid(933980e0e7ba4ef4ba22a9407a36143e) Importer(-1,00000000000000000000000000000000) [PhysX] Initialized MultithreadedTaskDispatcher with 16 workers.
 -> (artifact id: 'b1dc78a7fc969dd72f554faa3f587575') in 0.000448 seconds
Start importing Packages/com.unity.formats.fbx/Runtime using Guid(c4b24a45393544a3baf63f8c7afbb3d8) Importer(-1,00000000000000000000000000000000) [PhysX] Initialized MultithreadedTaskDispatcher with 16 workers.
 -> (artifact id: '174c567e32aad344e8bf1f0fa12f2adb') in 0.000427 seconds
Start importing Packages/com.unity.formats.fbx/Editor using Guid(0718fabbd51d6534d90f7d6492d9fdf1) Importer(-1,00000000000000000000000000000000) [PhysX] Initialized MultithreadedTaskDispatcher with 16 workers.
 -> (artifact id: 'e6812568cd9bec496a502bcb31ffa3a1') in 0.000424 seconds
Start importing Packages/com.autodesk.fbx/Editor using Guid(1c7d63511182eec4f906d34bd2953b19) Importer(-1,00000000000000000000000000000000) [PhysX] Initialized MultithreadedTaskDispatcher with 16 workers.
 -> (artifact id: '920921abb78555231075f1644192378a') in 0.000349 seconds
Start importing Packages/com.autodesk.fbx/Runtime using Guid(5de5bf5533f85854288f97ca2c08822c) Importer(-1,00000000000000000000000000000000) [PhysX] Initialized MultithreadedTaskDispatcher with 16 workers.
 -> (artifact id: '81f60983a95ad84c22598bf493d33717') in 0.000358 seconds
Start importing Packages/com.unity.formats.fbx/Editor/Sources using Guid(115ef63b69d30ee4ea3e54725376de73) Importer(-1,00000000000000000000000000000000) [PhysX] Initialized MultithreadedTaskDispatcher with 16 workers.
 -> (artifact id: 'a62b129d4ace1340753c058e7518adf0') in 0.000443 seconds
Start importing Packages/com.autodesk.fbx/Runtime/Scripts using Guid(a19610b3dcb8d484282f75b81592104a) Importer(-1,00000000000000000000000000000000) [PhysX] Initialized MultithreadedTaskDispatcher with 16 workers.
 -> (artifact id: '6fc4aaa52f8a55cef289ce7e68635d21') in 0.000401 seconds
Start importing Packages/com.autodesk.fbx/Tests/Editor using Guid(24565eab08147024a8bda6e271df4788) Importer(-1,00000000000000000000000000000000) [PhysX] Initialized MultithreadedTaskDispatcher with 16 workers.
 -> (artifact id: 'd5d451fb3995f971969fd9d933a2c692') in 0.000367 seconds
Start importing Packages/com.autodesk.fbx/Editor/Plugins using Guid(44544f7baf73ace4596a591d41841b30) Importer(-1,00000000000000000000000000000000) [PhysX] Initialized MultithreadedTaskDispatcher with 16 workers.
 -> (artifact id: 'f831d836649e05a4dc916a10b3c93d7f') in 0.000379 seconds
Start importing Packages/com.autodesk.fbx/Editor/Scripts using Guid(cc5a382e618cb3e48b81637ebdf3f259) Importer(-1,00000000000000000000000000000000) [PhysX] Initialized MultithreadedTaskDispatcher with 16 workers.
 -> (artifact id: '436e972c375f2e48a2cecf36393e7c55') in 0.000391 seconds
Start importing Packages/com.autodesk.fbx/Tests/Runtime using Guid(8e42e7ff45547f84791b125fc6c6b24f) Importer(-1,00000000000000000000000000000000) [PhysX] Initialized MultithreadedTaskDispatcher with 16 workers.
 -> (artifact id: '57f669a8ceb711a62ec751a96ca39b9e') in 0.000360 seconds
Start importing Packages/com.unity.formats.fbx/Editor/Sources/Recorders using Guid(238f0222d676c4f4badb24c214d3cd84) Importer(-1,00000000000000000000000000000000) [PhysX] Initialized MultithreadedTaskDispatcher with 16 workers.
 -> (artifact id: '8237c94cd85ea708264489cae583dc0d') in 0.000380 seconds
Start importing Packages/com.autodesk.fbx/Tests/Editor/BuildTests using Guid(9358d9a1a079c4d489c4b5188979a0a3) Importer(-1,00000000000000000000000000000000) [PhysX] Initialized MultithreadedTaskDispatcher with 16 workers.
 -> (artifact id: '5b60885062a1082e5fa8f059b5ea0bce') in 0.000360 seconds
Start importing Packages/com.autodesk.fbx/Tests/Editor/UnitTests using Guid(0575455bab38d06458b2e2fe90986fa2) Importer(-1,00000000000000000000000000000000) [PhysX] Initialized MultithreadedTaskDispatcher with 16 workers.
 -> (artifact id: '819daadd775492c283cd4e240f3ec910') in 0.000357 seconds
Start importing Packages/com.autodesk.fbx/Tests/Editor/UseCaseTests using Guid(2923ea96f3e0d494cb7fee81833fe396) Importer(-1,00000000000000000000000000000000) [PhysX] Initialized MultithreadedTaskDispatcher with 16 workers.
 -> (artifact id: '08cbbdd68894e0f401493f48173520d9') in 0.000352 seconds
Start importing Packages/com.autodesk.fbx/Tests/Editor/PlayModeTests using Guid(4be566858b5274a95b8c1b72aced8adf) Importer(-1,00000000000000000000000000000000) [PhysX] Initialized MultithreadedTaskDispatcher with 16 workers.
 -> (artifact id: '1318ed242b79c1737f8be2d2e98e2c90') in 0.002393 seconds
Start importing Packages/com.autodesk.fbx/Tests/Editor/LinuxTests using Guid(8b3d804af0f4545cfbf06ea1303f993a) Importer(-1,00000000000000000000000000000000) [PhysX] Initialized MultithreadedTaskDispatcher with 16 workers.
 -> (artifact id: 'd912aa1e52a98c9962416c6ba7a791f9') in 0.000522 seconds
Start importing Packages/com.autodesk.fbx/Tests/Runtime/BuildTestsAssets using Guid(4f53c5f35bccbb740b1d056c60d15f9e) Importer(-1,00000000000000000000000000000000) [PhysX] Initialized MultithreadedTaskDispatcher with 16 workers.
 -> (artifact id: 'c7d8fc7bbdbe587174e4fd431ee1b8a8') in 0.000390 seconds
Start importing Packages/com.unity.formats.fbx/Editor/Sources/Recorders/FbxRecorder using Guid(fb2b1ea1e2ebf22438e2998c93a0e356) Importer(-1,00000000000000000000000000000000) [PhysX] Initialized MultithreadedTaskDispatcher with 16 workers.
 -> (artifact id: 'bd35c7ea9f9a625686dd7cef5b47b5f2') in 0.000380 seconds
Start importing Packages/com.autodesk.fbx/Editor/Plugins/UnityFbxSdkNative.so using Guid(500f9f341f03b4f4b8420d786f25389b) Importer(-1,00000000000000000000000000000000) [PhysX] Initialized MultithreadedTaskDispatcher with 16 workers.
 -> (artifact id: '20785b847ba20fa2b6110d2cf137d13e') in 0.001366 seconds
Start importing Packages/com.autodesk.fbx/Editor/Plugins/UnityFbxSdkNative.dll using Guid(b2164022394c51c459d1d3c59efd0911) Importer(-1,00000000000000000000000000000000) [PhysX] Initialized MultithreadedTaskDispatcher with 16 workers.
 -> (artifact id: 'dd95dc614e844478521cd4e1c94b957d') in 0.000999 seconds
Start importing Packages/com.autodesk.fbx/Editor/Plugins/UnityFbxSdkNative.bundle using Guid(0a29d269aa30eda4cb23ebe41b124f23) Importer(-1,00000000000000000000000000000000) [PhysX] Initialized MultithreadedTaskDispatcher with 16 workers.
 -> (artifact id: '24845e650504e8fdc78f04dd3fb31408') in 0.001111 seconds
Start importing Packages/com.autodesk.fbx/Tests/Editor/PlayModeTests/PlayModeTests.asmdef using Guid(82fae8409614149ecbd87b72104dc8d1) Importer(-1,00000000000000000000000000000000) [PhysX] Initialized MultithreadedTaskDispatcher with 16 workers.
 -> (artifact id: '787bda7f923c9959595076a626effd4b') in 0.001190 seconds
Start importing Packages/com.unity.formats.fbx/Runtime/Unity.Formats.Fbx.Runtime.asmdef using Guid(77fc2e1f5a4f24efab94081ad67fcb20) Importer(-1,00000000000000000000000000000000) [PhysX] Initialized MultithreadedTaskDispatcher with 16 workers.
 -> (artifact id: '4984a812dbeadb308c432e21ae16e09a') in 0.000805 seconds
Start importing Packages/com.autodesk.fbx/Tests/Editor/LinuxTests/LinuxTest.asmdef using Guid(284a1dd56be7c47cb899b2e30abbcbf3) Importer(-1,00000000000000000000000000000000) [PhysX] Initialized MultithreadedTaskDispatcher with 16 workers.
 -> (artifact id: 'a3a6be3e98433fd58b9f28bb6ab8795a') in 0.000909 seconds
Start importing Packages/com.autodesk.fbx/Tests/Runtime/BuildTestsAssets/FbxBuildTestAssets.asmdef using Guid(287e0e497d3fea248bf8598ba282a102) Importer(-1,00000000000000000000000000000000) [PhysX] Initialized MultithreadedTaskDispatcher with 16 workers.
 -> (artifact id: 'b04ae5225bbce07f63cb1e3102c09af2') in 0.001001 seconds
Start importing Packages/com.autodesk.fbx/Tests/Editor/BuildTests/FbxBuildTest.asmdef using Guid(3a17ae6100167264ca690fccd8b45b30) Importer(-1,00000000000000000000000000000000) [PhysX] Initialized MultithreadedTaskDispatcher with 16 workers.
 -> (artifact id: '327b772268935c4f98af20d37b4634c3') in 0.001087 seconds
Start importing Packages/com.autodesk.fbx/Runtime/Autodesk.Fbx.asmdef using Guid(2b82e46c4ca0a4eb697ab8ccdfb39af1) Importer(-1,00000000000000000000000000000000) [PhysX] Initialized MultithreadedTaskDispatcher with 16 workers.
 -> (artifact id: 'dd1dbb986d17e085b89964d6fbfd78bb') in 0.000938 seconds
Start importing Packages/com.autodesk.fbx/Tests/Editor/UnitTests/FbxUnitTests.asmdef using Guid(bb2bf5eba0c10664497fe0414392375c) Importer(-1,00000000000000000000000000000000) [PhysX] Initialized MultithreadedTaskDispatcher with 16 workers.
 -> (artifact id: '823ec33df1de138ce60fd9d1756b2d58') in 0.000794 seconds
Start importing Packages/com.autodesk.fbx/Editor/Autodesk.Fbx.Editor.asmdef using Guid(ad318b1a7ea5a6f4aa9b396904ece70f) Importer(-1,00000000000000000000000000000000) [PhysX] Initialized MultithreadedTaskDispatcher with 16 workers.
 -> (artifact id: '906d11eecc91d8dcd6a5a59d115eba55') in 0.001080 seconds
Start importing Packages/com.autodesk.fbx/Tests/Editor/UseCaseTests/FbxUseCaseTests.asmdef using Guid(7eb775172f6db634b9c817083448d7df) Importer(-1,00000000000000000000000000000000) [PhysX] Initialized MultithreadedTaskDispatcher with 16 workers.
 -> (artifact id: 'acb9c0c93c7e864b228ec5a04a476acf') in 0.000953 seconds
Start importing Packages/com.unity.formats.fbx/Editor/Unity.Formats.Fbx.Editor.asmdef using Guid(0f9e8f73c69964f1e8176f9a0b86f9b2) Importer(-1,00000000000000000000000000000000) [PhysX] Initialized MultithreadedTaskDispatcher with 16 workers.
 -> (artifact id: '4297799533081dc3e782c6929b9ae2b1') in 0.001170 seconds
Start importing Packages/com.autodesk.fbx/Runtime/Scripts/FbxPropertyEBlendMode.cs using Guid(20224361205784bf6b4daac3ca99df08) Importer(-1,00000000000000000000000000000000) [PhysX] Initialized MultithreadedTaskDispatcher with 16 workers.
 -> (artifact id: '875cada529987611c1426a28067b24ed') in 0.001116 seconds
Start importing Packages/com.autodesk.fbx/Runtime/Scripts/FbxSemanticEntryView.cs using Guid(30055dc975b71431a9f3d790caefea97) Importer(-1,00000000000000000000000000000000) [PhysX] Initialized MultithreadedTaskDispatcher with 16 workers.
 -> (artifact id: 'f93afb8f208ad0120116ff91ead04634') in 0.001023 seconds
Start importing Packages/com.autodesk.fbx/Tests/Editor/UnitTests/FbxClusterTest.cs using Guid(30278e86a0e2e4e7db1c8ab8fbeab423) Importer(-1,00000000000000000000000000000000) [PhysX] Initialized MultithreadedTaskDispatcher with 16 workers.
 -> (artifact id: 'd60302a2914f6ea5f4b2e0fc7bb8716a') in 0.000829 seconds
Start importing Packages/com.autodesk.fbx/Tests/Editor/UnitTests/FbxAnimCurveTest.cs using Guid(30eb6502cc51d4d2fbbf680657174f67) Importer(-1,00000000000000000000000000000000) [PhysX] Initialized MultithreadedTaskDispatcher with 16 workers.
 -> (artifact id: '16553a82a3e5b4df2fadcff7a2d641e7') in 0.000818 seconds
Start importing Packages/com.autodesk.fbx/Runtime/Scripts/FbxConstraint.cs using Guid(5019e4ab265d04db5baa2569789c738c) Importer(-1,00000000000000000000000000000000) [PhysX] Initialized MultithreadedTaskDispatcher with 16 workers.
 -> (artifact id: 'ab8d40abb3bc70a1716b192acd085b46') in 0.001108 seconds
Start importing Packages/com.autodesk.fbx/Runtime/Scripts/FbxSubDeformer.cs using Guid(603737c18daa4456db32e0846eb6e645) Importer(-1,00000000000000000000000000000000) [PhysX] Initialized MultithreadedTaskDispatcher with 16 workers.
 -> (artifact id: '1a4594d6b9b7ca5b267670d09b1417fb') in 0.001072 seconds
Start importing Packages/com.unity.formats.fbx/Editor/FbxRotationCurve.cs using Guid(7055b57d66ca2994f8a22e0b3cdf628a) Importer(-1,00000000000000000000000000000000) [PhysX] Initialized MultithreadedTaskDispatcher with 16 workers.
 -> (artifact id: '719e37efb1eadf71e9eb992931b5c586') in 0.000905 seconds
Start importing Packages/com.autodesk.fbx/Tests/Editor/UnitTests/FbxLayerElementArrayTestBase.cs using Guid(70883ed5800994bb9bbc6b726b8e9fd4) Importer(-1,00000000000000000000000000000000) [PhysX] Initialized MultithreadedTaskDispatcher with 16 workers.
 -> (artifact id: 'e77f14789451ac7c3e6a344e11b4d751') in 0.000956 seconds
Start importing Packages/com.autodesk.fbx/Runtime/Scripts/FbxMesh.cs using Guid(70cd86bb722494b0586c9791ac1c3848) Importer(-1,00000000000000000000000000000000) [PhysX] Initialized MultithreadedTaskDispatcher with 16 workers.
 -> (artifact id: '148a1b56532aff97484e5669ea88e903') in 0.000926 seconds
Start importing Packages/com.autodesk.fbx/Runtime/Scripts/FbxNurbsCurve.cs using Guid(90104d1f680b2d64fb552bb1bb099f87) Importer(-1,00000000000000000000000000000000) [PhysX] Initialized MultithreadedTaskDispatcher with 16 workers.
 -> (artifact id: '28aba58f496058f53d37c3815a990f85') in 0.001105 seconds
Start importing Packages/com.autodesk.fbx/Runtime/Scripts/FbxManager.cs using Guid(90855c44bd2944fb4b45a8dc1d86b599) Importer(-1,00000000000000000000000000000000) [PhysX] Initialized MultithreadedTaskDispatcher with 16 workers.
 -> (artifact id: '8983691dc1e5629bbbea935f9173d610') in 0.000911 seconds
Start importing Packages/com.autodesk.fbx/Tests/Editor/UnitTests/FbxLayerTest.cs using Guid(b0b4a2c3e4107420a90f81eb28998ffa) Importer(-1,00000000000000000000000000000000) [PhysX] Initialized MultithreadedTaskDispatcher with 16 workers.
 -> (artifact id: '499b3e6aba7fb01514ce74f058cf1a9c') in 0.000859 seconds
Start importing Packages/com.autodesk.fbx/Runtime/Scripts/FbxBindingTable.cs using Guid(b05b462869f0e48b2ab5bd44bf251bff) Importer(-1,00000000000000000000000000000000) [PhysX] Initialized MultithreadedTaskDispatcher with 16 workers.
 -> (artifact id: '117967b320a92e396130e5a2f910b72f') in 0.000945 seconds
Start importing Packages/com.autodesk.fbx/Runtime/Scripts/FbxLayerElementMaterial.cs using Guid(d0fbf8a1dafd44037bc3de7cc3bb7a4f) Importer(-1,00000000000000000000000000000000) [PhysX] Initialized MultithreadedTaskDispatcher with 16 workers.
 -> (artifact id: '29e7231cfeb0b7e1a84892f0046b8026') in 0.000969 seconds
Start importing Packages/com.autodesk.fbx/Tests/Editor/UnitTests/FbxAnimLayerTest.cs using Guid(f03960ec22ca84a068a73b81ffce40cf) Importer(-1,00000000000000000000000000000000) [PhysX] Initialized MultithreadedTaskDispatcher with 16 workers.
 -> (artifact id: '73e70135f272a5b0b3f9439d7ccd9129') in 0.000818 seconds
Start importing Packages/com.autodesk.fbx/Runtime/Scripts/FbxExporter.cs using Guid(01a0e5c5e497e4554a721914d5fd3d55) Importer(-1,00000000000000000000000000000000) [PhysX] Initialized MultithreadedTaskDispatcher with 16 workers.
 -> (artifact id: '4ecc53dc0cc47fa264600baee6671683') in 0.000997 seconds
Start importing Packages/com.autodesk.fbx/Tests/Editor/UnitTests/FbxIOFileHeaderInfoTest.cs using Guid(113e0a5ea194248d8856fe69f8345727) Importer(-1,00000000000000000000000000000000) [PhysX] Initialized MultithreadedTaskDispatcher with 16 workers.
 -> (artifact id: '2e0aea65f4993fa02779fedbaf9f75ab') in 0.000794 seconds
Start importing Packages/com.autodesk.fbx/Runtime/Scripts/FbxShape.cs using Guid(315d74bc72af844dd98b8b817dfe19f0) Importer(-1,00000000000000000000000000000000) [PhysX] Initialized MultithreadedTaskDispatcher with 16 workers.
 -> (artifact id: 'd0a9b3c393be91a639cb6aa82ff2ae2b') in 0.001033 seconds
Start importing Packages/com.autodesk.fbx/Tests/Editor/UnitTests/FbxPropertyTest.cs using Guid(8169a9637acba4ab8859ef6f4cd41edb) Importer(-1,00000000000000000000000000000000) [PhysX] Initialized MultithreadedTaskDispatcher with 16 workers.
 -> (artifact id: 'a6c3defcc1b66b86a8221cf9f2e40c66') in 0.000923 seconds
Start importing Packages/com.autodesk.fbx/Tests/Editor/UnitTests/FbxImporterTest.cs using Guid(911578769ede949d3bece8b2caa78817) Importer(-1,00000000000000000000000000000000) [PhysX] Initialized MultithreadedTaskDispatcher with 16 workers.
 -> (artifact id: 'e5f503b1272d2a6ced1d9f4d2e305a0f') in 0.000925 seconds
Start importing Packages/com.autodesk.fbx/Runtime/Scripts/FbxLayerElementArrayTemplateFbxColor.cs using Guid(b13f52dd055f84224bc28c1c0f764e19) Importer(-1,00000000000000000000000000000000) [PhysX] Initialized MultithreadedTaskDispatcher with 16 workers.
 -> (artifact id: 'e971269c34ec1a48447c8fac177f84b2') in 0.000937 seconds
Start importing Packages/com.autodesk.fbx/Tests/Editor/UnitTests/FbxBindingTableTest.cs using Guid(d1956db2fbc454acea0013fd9f682465) Importer(-1,00000000000000000000000000000000) [PhysX] Initialized MultithreadedTaskDispatcher with 16 workers.
 -> (artifact id: 'beba7ca0c4713b557ba204b317e49ee4') in 0.000979 seconds
Start importing Packages/com.autodesk.fbx/Runtime/Scripts/FbxIOPluginRegistry.cs using Guid(f10ce4b17dd654ef6adc2f6aead85c3b) Importer(-1,00000000000000000000000000000000) [PhysX] Initialized MultithreadedTaskDispatcher with 16 workers.
 -> (artifact id: 'dfd74ee189ab9135537f5462db14c255') in 0.000886 seconds
Start importing Packages/com.autodesk.fbx/Runtime/Scripts/FbxConstraintParent.cs using Guid(026453738381a4314b369aac42b4a93e) Importer(-1,00000000000000000000000000000000) [PhysX] Initialized MultithreadedTaskDispatcher with 16 workers.
 -> (artifact id: '21276005b79499daf3e62921d238ea33') in 0.000843 seconds
Start importing Packages/com.autodesk.fbx/Runtime/Scripts/FbxPropertyEProjectionType.cs using Guid(023967275b7b14089b6df5dc499a48dc) Importer(-1,00000000000000000000000000000000) [PhysX] Initialized MultithreadedTaskDispatcher with 16 workers.
 -> (artifact id: '7bdff0e7329e5c24377fe13e241926fc') in 0.000944 seconds
Start importing Packages/com.autodesk.fbx/Tests/Editor/UnitTests/CppMatchingHelper.cs using Guid(22d2affa55c6542beb5105963a3ce55b) Importer(-1,00000000000000000000000000000000) [PhysX] Initialized MultithreadedTaskDispatcher with 16 workers.
 -> (artifact id: '417cb9da9dea56605c3774d42b4dcfc6') in 0.001010 seconds
Start importing Packages/com.autodesk.fbx/Tests/Editor/UnitTests/FbxExporterTest.cs using Guid(42d8d524727244ad0a0168127c9945c9) Importer(-1,00000000000000000000000000000000) [PhysX] Initialized MultithreadedTaskDispatcher with 16 workers.
 -> (artifact id: 'de208b5ab63f6eea13d180f611d3b237') in 0.000946 seconds
Start importing Packages/com.autodesk.fbx/Runtime/Scripts/FbxLayerElementTemplateFbxVector4.cs using Guid(428b420516dfe4ae79cb5040b0a73044) Importer(-1,00000000000000000000000000000000) [PhysX] Initialized MultithreadedTaskDispatcher with 16 workers.
 -> (artifact id: 'f5589945a925baf5ce311d4f7e5a40c1') in 0.000876 seconds
Start importing Packages/com.autodesk.fbx/Runtime/Scripts/NativeMethods.cs using Guid(5228431bfa692c9499831ee256ee935b) Importer(-1,00000000000000000000000000000000) [PhysX] Initialized MultithreadedTaskDispatcher with 16 workers.
 -> (artifact id: 'c6cf5629e0fa9a5908740d78d88578b1') in 0.000976 seconds
Start importing Packages/com.autodesk.fbx/Tests/Editor/UseCaseTests/VisibilityExportTest.cs using Guid(6297860ba0136467e9550d467d4f469e) Importer(-1,00000000000000000000000000000000) [PhysX] Initialized MultithreadedTaskDispatcher with 16 workers.
 -> (artifact id: '18ae25873315b0eee56d15c82d497430') in 0.001168 seconds
Start importing Packages/com.autodesk.fbx/Editor/Scripts/PostProcessAddToBuild.cs using Guid(62deb3ed14a43dd4ca31fbed91e710a9) Importer(-1,00000000000000000000000000000000) [PhysX] Initialized MultithreadedTaskDispatcher with 16 workers.
 -> (artifact id: '9a4f4096a2c0c79dd2cc9ee5cd12f00b') in 0.000795 seconds
Start importing Packages/com.unity.formats.fbx/Editor/ManualUpdateEditorWindow.cs using Guid(72197d031d14cf3458eecbfa0446aea9) Importer(-1,00000000000000000000000000000000) [PhysX] Initialized MultithreadedTaskDispatcher with 16 workers.
 -> (artifact id: '84dbb4ca1e8dd3f3a6cb46efbd02a93a') in 0.000910 seconds
Start importing Packages/com.autodesk.fbx/Runtime/Scripts/FbxLayerElementTemplateFbxVector2.cs using Guid(726d4db0c63b44080a509f8902ec73a7) Importer(-1,00000000000000000000000000000000) [PhysX] Initialized MultithreadedTaskDispatcher with 16 workers.
 -> (artifact id: '3766d1c36c5ba0e1c11e2d0cb9880fe5') in 0.000813 seconds
Start importing Packages/com.autodesk.fbx/Tests/Editor/UnitTests/DisposeTester.cs using Guid(72de41b4eacbd4c1a92029c3057a6c07) Importer(-1,00000000000000000000000000000000) [PhysX] Initialized MultithreadedTaskDispatcher with 16 workers.
 -> (artifact id: 'f14f305d86f4efe6ccc83e394aaa8433') in 0.000931 seconds
Start importing Packages/com.autodesk.fbx/Tests/Editor/UnitTests/FbxDouble2Test.cs using Guid(82a9c7a12ac804212bd25473c77f89ed) Importer(-1,00000000000000000000000000000000) [PhysX] Initialized MultithreadedTaskDispatcher with 16 workers.
 -> (artifact id: '5e9144adaa86df7bca0c84fc5d089711') in 0.000968 seconds
Start importing Packages/com.autodesk.fbx/Tests/Editor/UnitTests/FbxIOPluginRegistryTest.cs using Guid(82ec84c71d9344d689229df9548a98b2) Importer(-1,00000000000000000000000000000000) [PhysX] Initialized MultithreadedTaskDispatcher with 16 workers.
 -> (artifact id: '0c2c116d368f7749f52051ac868eb66f') in 0.000847 seconds
Start importing Packages/com.unity.formats.fbx/Editor/ExportModelSettings.cs using Guid(9252439af8b7d034a9fa7d7eab5d3076) Importer(-1,00000000000000000000000000000000) [PhysX] Initialized MultithreadedTaskDispatcher with 16 workers.
 -> (artifact id: 'f9df38b9fd36d62ba3c6815d9f21d8da') in 0.000916 seconds
Start importing Packages/com.autodesk.fbx/Runtime/Scripts/FbxNode.cs using Guid(92767be294cf445caacd45dc133920ca) Importer(-1,00000000000000000000000000000000) [PhysX] Initialized MultithreadedTaskDispatcher with 16 workers.
 -> (artifact id: '4802e01ade7751aca8b0d73b59900d14') in 0.001190 seconds
Start importing Packages/com.autodesk.fbx/Tests/Editor/UnitTests/FbxNullTest.cs using Guid(92a812b0261cb4799b62af539dc50679) Importer(-1,00000000000000000000000000000000) [PhysX] Initialized MultithreadedTaskDispatcher with 16 workers.
 -> (artifact id: 'c48a4fbc1b4dad90f19cd93c2d92dfdd') in 0.001034 seconds
Start importing Packages/com.autodesk.fbx/Runtime/Scripts/FbxIOBase.cs using Guid(a288238bc2dfd4122b7c5512079673fe) Importer(-1,00000000000000000000000000000000) [PhysX] Initialized MultithreadedTaskDispatcher with 16 workers.
 -> (artifact id: 'c16f3e2841448dd455b8d6359c3c05eb') in 0.001037 seconds
Start importing Packages/com.autodesk.fbx/Tests/Editor/UnitTests/FbxIOSettingsTest.cs using Guid(d2dafe081846746798925a3cf9140af7) Importer(-1,00000000000000000000000000000000) [PhysX] Initialized MultithreadedTaskDispatcher with 16 workers.
 -> (artifact id: '304dec6a45d7bed63659981b47e6d10a') in 0.000938 seconds
Start importing Packages/com.autodesk.fbx/Runtime/Scripts/FbxLayerElementArrayTemplateFbxSurfaceMaterial.cs using Guid(d21c48abdbb8148dd92e1d938731d1e6) Importer(-1,00000000000000000000000000000000) [PhysX] Initialized MultithreadedTaskDispatcher with 16 workers.
 -> (artifact id: 'a9caec0fa3d34ee57ff131c3c487934c') in 0.001069 seconds
Start importing Packages/com.autodesk.fbx/Runtime/Scripts/FbxConstraintAim.cs using Guid(e2307470d6de648769146a18bef26e60) Importer(-1,00000000000000000000000000000000) [PhysX] Initialized MultithreadedTaskDispatcher with 16 workers.
 -> (artifact id: '55267d4f4f61757d4ef6238d8d067a26') in 0.001278 seconds
Start importing Packages/com.autodesk.fbx/Tests/Editor/UnitTests/FbxSystemUnitTest.cs using Guid(e260992a2b6ae4d1da43fc07411fe60b) Importer(-1,00000000000000000000000000000000) [PhysX] Initialized MultithreadedTaskDispatcher with 16 workers.
 -> (artifact id: 'a505315b16cec9cf7bb35afb9c7b0b8a') in 0.001077 seconds
Start importing Packages/com.unity.formats.fbx/Editor/ExportSettings.cs using Guid(03d96513d037ea843ab436321bab4c33) Importer(-1,00000000000000000000000000000000) [PhysX] Initialized MultithreadedTaskDispatcher with 16 workers.
 -> (artifact id: '600b004d08cf03e5f1baf00877e3754d') in 0.001044 seconds
Start importing Packages/com.autodesk.fbx/Runtime/Scripts/FbxPropertyString.cs using Guid(23d8ba516a775482e8404392dc800c5f) Importer(-1,00000000000000000000000000000000) [PhysX] Initialized MultithreadedTaskDispatcher with 16 workers.
 -> (artifact id: '3fff8e874dbf9847995827bae942b7e0') in 0.001412 seconds
Start importing Packages/com.autodesk.fbx/Tests/Editor/BuildTests/BuildTest.cs using Guid(339122da0e251a14ea3d617efd1d5d86) Importer(-1,00000000000000000000000000000000) [PhysX] Initialized MultithreadedTaskDispatcher with 16 workers.
 -> (artifact id: 'dbc178bd5b6e568e52ec9354f76b50dd') in 0.000973 seconds
Start importing Packages/com.autodesk.fbx/Tests/Editor/UnitTests/FbxAnimCurveFilterUnrollTest.cs using Guid(4351a166200e3418dac5c66d854dd000) Importer(-1,00000000000000000000000000000000) [PhysX] Initialized MultithreadedTaskDispatcher with 16 workers.
 -> (artifact id: '34856f9f078edcca970a5907983a679d') in 0.000918 seconds
Start importing Packages/com.autodesk.fbx/Tests/Editor/UnitTests/FbxIOBaseTest.cs using Guid(63e11ca5096b147b989fea9e6f3a8f4b) Importer(-1,00000000000000000000000000000000) [PhysX] Initialized MultithreadedTaskDispatcher with 16 workers.
 -> (artifact id: '5092bbfbb99871f2cade6ae950b74299') in 0.000984 seconds
Start importing Packages/com.autodesk.fbx/Runtime/Scripts/FbxGlobalSettings.cs using Guid(7367610d9289244fdadbac9fe198dda1) Importer(-1,00000000000000000000000000000000) [PhysX] Initialized MultithreadedTaskDispatcher with 16 workers.
 -> (artifact id: '2426e611893fb4498c13e186ea144429') in 0.001143 seconds
Start importing Packages/com.autodesk.fbx/Runtime/Scripts/FbxLayerElementTemplateFbxSurfaceMaterial.cs using Guid(73fd7a97535c24bbd952a8866de95f47) Importer(-1,00000000000000000000000000000000) [PhysX] Initialized MultithreadedTaskDispatcher with 16 workers.
 -> (artifact id: '6730e68fb86e22067e77b154e2e956b3') in 0.000997 seconds
Start importing Packages/com.autodesk.fbx/Runtime/Scripts/FbxPropertyBool.cs using Guid(735e12886ba904ccd95a620dff1a0e7a) Importer(-1,00000000000000000000000000000000) [PhysX] Initialized MultithreadedTaskDispatcher with 16 workers.
 -> (artifact id: '2a32a16e629dd71712de9dbcfd23d7bd') in 0.001031 seconds
Start importing Packages/com.unity.formats.fbx/Runtime/FbxPrefab.cs using Guid(831461186798a3f4fbb78b3b7a4b73b6) Importer(-1,00000000000000000000000000000000) [PhysX] Initialized MultithreadedTaskDispatcher with 16 workers.
 -> (artifact id: '2d0624ca08f7f617f3ba634941c610eb') in 0.000923 seconds
Start importing Packages/com.autodesk.fbx/Runtime/Scripts/EFbxType.cs using Guid(c353b2a15212245498f3817e19d4c91a) Importer(-1,00000000000000000000000000000000) [PhysX] Initialized MultithreadedTaskDispatcher with 16 workers.
 -> (artifact id: 'eed9894e870a6e1e13554ffd8ad16a23') in 0.001590 seconds
Start importing Packages/com.autodesk.fbx/Runtime/Scripts/FbxConstraintScale.cs using Guid(c3da73df57c6743f38428a3641d1c396) Importer(-1,00000000000000000000000000000000) [PhysX] Initialized MultithreadedTaskDispatcher with 16 workers.
 -> (artifact id: '88d797477c448337a4dc5939a9386fce') in 0.001133 seconds
Start importing Packages/com.autodesk.fbx/Runtime/Scripts/EFbxMemoryClearMode.cs using Guid(e37ecba33925f55439461ff8cee3e82e) Importer(-1,00000000000000000000000000000000) [PhysX] Initialized MultithreadedTaskDispatcher with 16 workers.
 -> (artifact id: 'f6bdc7c1f39e0ff23914611536580280') in 0.000999 seconds
Start importing Packages/com.autodesk.fbx/Runtime/Scripts/FbxSurfaceMaterial.cs using Guid(1491f17c0b1384fdea5d2686c888f29a) Importer(-1,00000000000000000000000000000000) [PhysX] Initialized MultithreadedTaskDispatcher with 16 workers.
 -> (artifact id: '151962e463d06531b3923245c48d8c77') in 0.001037 seconds
Start importing Packages/com.autodesk.fbx/Tests/Editor/UnitTests/FbxLightTest.cs using Guid(4493acca6553e47c98a195477b8464a4) Importer(-1,00000000000000000000000000000000) [PhysX] Initialized MultithreadedTaskDispatcher with 16 workers.
 -> (artifact id: 'd7bcb479fb34bc4cce8d908fc8c50341') in 0.001178 seconds
Start importing Packages/com.autodesk.fbx/Runtime/Scripts/FbxGeometryBase.cs using Guid(54909485f3d4b478491a60720828827b) Importer(-1,00000000000000000000000000000000) [PhysX] Initialized MultithreadedTaskDispatcher with 16 workers.
 -> (artifact id: 'e4ad651d166592364536bd8fc6b9d70c') in 0.001318 seconds
Start importing Packages/com.unity.formats.fbx/Editor/FbxExporterRepairMissingScripts.cs using Guid(648b12e8eb684894da2675782a8d0640) Importer(-1,00000000000000000000000000000000) [PhysX] Initialized MultithreadedTaskDispatcher with 16 workers.
 -> (artifact id: '9c29d35d686c0318780618a8d2497146') in 0.001088 seconds
Start importing Packages/com.autodesk.fbx/Runtime/Scripts/FbxLayerElementBinormal.cs using Guid(74e6579cda2c24cba99d15c457dab567) Importer(-1,00000000000000000000000000000000) [PhysX] Initialized MultithreadedTaskDispatcher with 16 workers.
 -> (artifact id: '666f015348e04d8f5fe3aad97cc17777') in 0.001331 seconds
Start importing Packages/com.autodesk.fbx/Runtime/Scripts/FbxQuaternion.cs using Guid(7417625f7f1314babbd7592ce5a504cb) Importer(-1,00000000000000000000000000000000) [PhysX] Initialized MultithreadedTaskDispatcher with 16 workers.
 -> (artifact id: '73c5558b6b84f7c41325e8807a092db3') in 0.001575 seconds
Start importing Packages/com.autodesk.fbx/Tests/Editor/UnitTests/FbxDeformerTest.cs using Guid(74ff77f0d28074c5099c81a8e1b406fd) Importer(-1,00000000000000000000000000000000) [PhysX] Initialized MultithreadedTaskDispatcher with 16 workers.
 -> (artifact id: 'aa73894f4f77b87097fb458031b21aed') in 0.001050 seconds
Start importing Packages/com.autodesk.fbx/Runtime/Scripts/FbxFileTexture.cs using Guid(94f5cb8f7ad3e4a9587c7c0e722503a7) Importer(-1,00000000000000000000000000000000) [PhysX] Initialized MultithreadedTaskDispatcher with 16 workers.
 -> (artifact id: '3a03bc63bbd657e9f76c98288f0af03a') in 0.001032 seconds
Start importing Packages/com.autodesk.fbx/Tests/Editor/UnitTests/FbxBlendShapeChannelTest.cs using Guid(a43032c7ae5a843118261aa40ed8d5ea) Importer(-1,00000000000000000000000000000000) [PhysX] Initialized MultithreadedTaskDispatcher with 16 workers.
 -> (artifact id: 'f7ebf02e3a0609f5e86996b831e3d17c') in 0.001029 seconds
Start importing Packages/com.autodesk.fbx/Tests/Editor/UnitTests/FbxMarkerTest.cs using Guid(b4c216d0a0f6d465d8b2cd183627034e) Importer(-1,00000000000000000000000000000000) [PhysX] Initialized MultithreadedTaskDispatcher with 16 workers.
 -> (artifact id: '06c99c2a7f60b0626af2d6029d778f19') in 0.001098 seconds
Start importing Packages/com.autodesk.fbx/Tests/Editor/UnitTests/FbxColorTest.cs using Guid(d4a1e82fe56374530968c82656c95b45) Importer(-1,00000000000000000000000000000000) [PhysX] Initialized MultithreadedTaskDispatcher with 16 workers.
 -> (artifact id: 'ddf9087339129c82fcec390317ef5c1d') in 0.001053 seconds
Start importing Packages/com.autodesk.fbx/Runtime/Scripts/FbxPropertyDouble3.cs using Guid(d48fd953f668a457a8295160a9668b4d) Importer(-1,00000000000000000000000000000000) [PhysX] Initialized MultithreadedTaskDispatcher with 16 workers.
 -> (artifact id: '46a491d41c2cf96e0dca07a0ea155bd9') in 0.001055 seconds
Start importing Packages/com.autodesk.fbx/Runtime/Scripts/FbxLayerElementTangent.cs using Guid(15ee9e6f55ca84cbbbb06c4921e128da) Importer(-1,00000000000000000000000000000000) [PhysX] Initialized MultithreadedTaskDispatcher with 16 workers.
 -> (artifact id: '90916d4b0c0686a132b9d3d1f6417de4') in 0.001055 seconds
Start importing Packages/com.autodesk.fbx/Tests/Editor/UnitTests/FbxAMatrixTest.cs using Guid(159ff8c03846041258256b47aa78bcaf) Importer(-1,00000000000000000000000000000000) [PhysX] Initialized MultithreadedTaskDispatcher with 16 workers.
 -> (artifact id: '9395f05f399817284973ece5720c4ad2') in 0.000995 seconds
Start importing Packages/com.autodesk.fbx/Runtime/Scripts/FbxConnection.cs using Guid(358032f4302d549ddafd46ef3634328d) Importer(-1,00000000000000000000000000000000) [PhysX] Initialized MultithreadedTaskDispatcher with 16 workers.
 -> (artifact id: '7ac969b8a4112a34f6cf67498a0e906e') in 0.000996 seconds
Start importing Packages/com.autodesk.fbx/Runtime/Scripts/FbxTransform.cs using Guid(55e511863d80d476b9359e83dac5eafc) Importer(-1,00000000000000000000000000000000) [PhysX] Initialized MultithreadedTaskDispatcher with 16 workers.
 -> (artifact id: '58c879708017f3201f8790d4e9efc89b') in 0.000940 seconds
Start importing Packages/com.unity.formats.fbx/Editor/Sources/Recorders/FbxRecorder/FbxRecorder.cs using Guid(756c4098cb266c24385024b21f5cca0e) Importer(-1,00000000000000000000000000000000) [PhysX] Initialized MultithreadedTaskDispatcher with 16 workers.
 -> (artifact id: 'ef499f69efadb31b2d842e774e1d4941') in 0.000977 seconds
Start importing Packages/com.autodesk.fbx/Tests/Editor/UnitTests/GlobalsTest.cs using Guid(8529bbe9bb9e94cfa85b0fa3bea6782a) Importer(-1,00000000000000000000000000000000) [PhysX] Initialized MultithreadedTaskDispatcher with 16 workers.
 -> (artifact id: 'a304a7153c1d4162cb8aa8a2c2d72261') in 0.000952 seconds
Start importing Packages/com.autodesk.fbx/Runtime/Scripts/FbxAxisSystem.cs using Guid(950a31935368d49f59166c47a38dbb1c) Importer(-1,00000000000000000000000000000000) [PhysX] Initialized MultithreadedTaskDispatcher with 16 workers.
 -> (artifact id: '3bace3284a533c0b1a1e0ebcd465775a') in 0.000899 seconds
Start importing Packages/com.autodesk.fbx/Tests/Editor/UnitTests/FbxLayerContainerTest.cs using Guid(b5ad5d565d1594dba99a34afc16ce174) Importer(-1,00000000000000000000000000000000) [PhysX] Initialized MultithreadedTaskDispatcher with 16 workers.
 -> (artifact id: 'c780ec3af4cc2733210884cc414d92d1') in 0.001013 seconds
Start importing Packages/com.autodesk.fbx/Tests/Editor/UnitTests/FbxDouble3Test.cs using Guid(d593f364558414481a6ef158306f0c83) Importer(-1,00000000000000000000000000000000) [PhysX] Initialized MultithreadedTaskDispatcher with 16 workers.
 -> (artifact id: '522f00daa1534ae5028971b6c30921ba') in 0.001170 seconds
Start importing Packages/com.autodesk.fbx/Tests/Editor/UseCaseTests/CustomPropertiesExportTest.cs using Guid(d5ab9c09013424d24b44995cd673d7c3) Importer(-1,00000000000000000000000000000000) [PhysX] Initialized MultithreadedTaskDispatcher with 16 workers.
 -> (artifact id: '8af1112efaf6d6f9ca006362c4a2345f') in 0.001079 seconds
Start importing Packages/com.autodesk.fbx/Runtime/Scripts/FbxPropertyEAreaLightShape.cs using Guid(e5b45565ed41442e2a30aa00c7b66dde) Importer(-1,00000000000000000000000000000000) [PhysX] Initialized MultithreadedTaskDispatcher with 16 workers.
 -> (artifact id: '9ac56a8c324e76c7d133050626eed92c') in 0.001027 seconds
Start importing Packages/com.autodesk.fbx/Runtime/Scripts/FbxIOSettings.cs using Guid(e5adfc8032cb845cea9444987be78f42) Importer(-1,00000000000000000000000000000000) [PhysX] Initialized MultithreadedTaskDispatcher with 16 workers.
 -> (artifact id: '35c95e79705d3322a83699749d076a30') in 0.001075 seconds
Start importing Packages/com.autodesk.fbx/Runtime/Scripts/FbxSkin.cs using Guid(f5aba6ae06a334c028629dc4521c335b) Importer(-1,00000000000000000000000000000000) [PhysX] Initialized MultithreadedTaskDispatcher with 16 workers.
 -> (artifact id: 'e97f16ddfc0c12fbf410bfe288c35aae') in 0.000917 seconds
Start importing Packages/com.autodesk.fbx/Tests/Editor/UnitTests/FbxDouble4Test.cs using Guid(06cd193a249554b748e8bfe9c1714d82) Importer(-1,00000000000000000000000000000000) [PhysX] Initialized MultithreadedTaskDispatcher with 16 workers.
 -> (artifact id: '0a8470020146eab8f6b1d4a4c9802a34') in 0.000952 seconds
Start importing Packages/com.autodesk.fbx/Runtime/Scripts/FbxBlendShapeChannel.cs using Guid(2678b2c014d704d3a896e621ee361c8e) Importer(-1,00000000000000000000000000000000) [PhysX] Initialized MultithreadedTaskDispatcher with 16 workers.
 -> (artifact id: 'e722080ae9c8d9ac96476d18adb28a54') in 0.001059 seconds
Start importing Packages/com.autodesk.fbx/Tests/Editor/UnitTests/FbxVector2Test.cs using Guid(364ad1a2bc8ec445babcdf47276bce9b) Importer(-1,00000000000000000000000000000000) [PhysX] Initialized MultithreadedTaskDispatcher with 16 workers.
 -> (artifact id: 'd5e6e6be54679343be1cfe51372910bf') in 0.001018 seconds
Start importing Packages/com.unity.formats.fbx/Editor/FbxExportPresetSelectorReceiver.cs using Guid(36ea80f18d7a6794680e1c438a3dbbba) Importer(-1,00000000000000000000000000000000) [PhysX] Initialized MultithreadedTaskDispatcher with 16 workers.
 -> (artifact id: 'b4846747b614af6f6b26b7bbd2a23b51') in 0.001892 seconds
Start importing Packages/com.autodesk.fbx/Runtime/Scripts/FbxScene.cs using Guid(6615bb78f3c0f4c8fb3397673a9cd588) Importer(-1,00000000000000000000000000000000) [PhysX] Initialized MultithreadedTaskDispatcher with 16 workers.
 -> (artifact id: '3f310df9c651cb507662914b563b94cd') in 0.001182 seconds
Start importing Packages/com.autodesk.fbx/Runtime/Scripts/FbxDocumentInfo.cs using Guid(6698435f709c84af7b7f57b9c192502b) Importer(-1,00000000000000000000000000000000) [PhysX] Initialized MultithreadedTaskDispatcher with 16 workers.
 -> (artifact id: '4fc7e1a1aa09db6975397bd1db30c53b') in 0.001349 seconds
Start importing Packages/com.autodesk.fbx/Runtime/Scripts/FbxLayerElementArrayTemplateFbxVector2.cs using Guid(769a6c4b45f7842748fbd3a1b9484112) Importer(-1,00000000000000000000000000000000) [PhysX] Initialized MultithreadedTaskDispatcher with 16 workers.
 -> (artifact id: 'd3ffe77610a3bfb32534766e1f168643') in 0.001172 seconds
Start importing Packages/com.autodesk.fbx/Runtime/Scripts/FbxMarker.cs using Guid(8654122dcaef64b2f8bc0501341d95b5) Importer(-1,00000000000000000000000000000000) [PhysX] Initialized MultithreadedTaskDispatcher with 16 workers.
 -> (artifact id: 'df6b1a7825104453ac7671cb54efdfe9') in 0.001447 seconds
Start importing Packages/com.autodesk.fbx/Runtime/Scripts/FbxDocument.cs using Guid(8687e3b09af824095b9a7e71b87e9182) Importer(-1,00000000000000000000000000000000) [PhysX] Initialized MultithreadedTaskDispatcher with 16 workers.
 -> (artifact id: '247fa6cfc42f70da6e0748a57a40dec5') in 0.001566 seconds
Start importing Packages/com.autodesk.fbx/Runtime/Scripts/FbxAnimStack.cs using Guid(861cbcaf0a75e41ce9e9b00422f3051d) Importer(-1,00000000000000000000000000000000) [PhysX] Initialized MultithreadedTaskDispatcher with 16 workers.
 -> (artifact id: '82cac85c51db7cb380639fab36d60638') in 0.001093 seconds
Start importing Packages/com.unity.formats.fbx/Editor/ConvertToNestedPrefab.cs using Guid(96a2ad6958f30b642b0cae605f643c67) Importer(-1,00000000000000000000000000000000) [PhysX] Initialized MultithreadedTaskDispatcher with 16 workers.
 -> (artifact id: 'f943f879815b5eab331a25ebde8363b1') in 0.001073 seconds
Start importing Packages/com.autodesk.fbx/Tests/Editor/UnitTests/FbxDocumentTest.cs using Guid(b67f709966010433e8918e7b999f339c) Importer(-1,00000000000000000000000000000000) [PhysX] Initialized MultithreadedTaskDispatcher with 16 workers.
 -> (artifact id: 'd12595d0291c3e7c42475658e405ab11') in 0.001149 seconds
Start importing Packages/com.autodesk.fbx/Tests/Editor/UnitTests/FbxDocumentInfoTest.cs using Guid(c6b15bf1254284caf9aac2c0ca24986b) Importer(-1,00000000000000000000000000000000) [PhysX] Initialized MultithreadedTaskDispatcher with 16 workers.
 -> (artifact id: '1f86606e15713d663eff07621f368ba8') in 0.001081 seconds
Start importing Packages/com.autodesk.fbx/Tests/Editor/UnitTests/TestBase.cs using Guid(e6aa22548e5e84834b80173e77cabefc) Importer(-1,00000000000000000000000000000000) [PhysX] Initialized MultithreadedTaskDispatcher with 16 workers.
 -> (artifact id: '3de2d3727c65ec1571b7e0a32827ae1c') in 0.000961 seconds
Start importing Packages/com.autodesk.fbx/Tests/Editor/UnitTests/FbxLayerElementTestBase.cs using Guid(f6544d125ee52486e83120a7bcc0b67a) Importer(-1,00000000000000000000000000000000) [PhysX] Initialized MultithreadedTaskDispatcher with 16 workers.
 -> (artifact id: 'aa9782b30016fe51e976c076f5b9070e') in 0.001073 seconds
Start importing Packages/com.autodesk.fbx/Runtime/Scripts/FbxCamera.cs using Guid(070411e8738fa4fbc8f89614946c4c06) Importer(-1,00000000000000000000000000000000) [PhysX] Initialized MultithreadedTaskDispatcher with 16 workers.
 -> (artifact id: '871c378fe5a9653951c04d9aa571d6f9') in 0.000977 seconds
Start importing Packages/com.autodesk.fbx/Runtime/Scripts/FbxCollection.cs using Guid(177dd9be525754a54bead6b440a4764b) Importer(-1,00000000000000000000000000000000) [PhysX] Initialized MultithreadedTaskDispatcher with 16 workers.
 -> (artifact id: 'f91cc7d4e495d9b0e8a1cf19cff924ac') in 0.001131 seconds
Start importing Packages/com.autodesk.fbx/Runtime/Scripts/FbxPropertyELightType.cs using Guid(17fe042300f624276812d2a807fa6ede) Importer(-1,00000000000000000000000000000000) [PhysX] Initialized MultithreadedTaskDispatcher with 16 workers.
 -> (artifact id: 'ce9d309b0eb89b878cadbb5feff55123') in 0.001677 seconds
Start importing Packages/com.autodesk.fbx/Tests/Editor/UseCaseTests/InstancesExportTest.cs using Guid(27a9eea768f8f4d1babd83990301dc80) Importer(-1,00000000000000000000000000000000) [PhysX] Initialized MultithreadedTaskDispatcher with 16 workers.
 -> (artifact id: '19c7c452665f7ffb92edd9586ec160c6') in 0.001043 seconds
Start importing Packages/com.autodesk.fbx/Tests/Editor/UseCaseTests/StaticMeshExportTest.cs using Guid(3730ed2ac18174a5cb97d9f5c2b583c7) Importer(-1,00000000000000000000000000000000) [PhysX] Initialized MultithreadedTaskDispatcher with 16 workers.
 -> (artifact id: '9d49f61d96426ed3a1282faf12f6ccd6') in 0.001339 seconds
Start importing Assets/Editor/CannonFbxPipelineBatch.cs using Guid(37719664ca7f365498fb8965ba46b978) Importer(-1,00000000000000000000000000000000) [PhysX] Initialized MultithreadedTaskDispatcher with 16 workers.
 -> (artifact id: 'fe25ce28e1bcbe80bbed10119f267c92') in 0.001257 seconds
Start importing Packages/com.autodesk.fbx/Tests/Editor/UseCaseTests/AnimationClipsExportTest.cs using Guid(37586fa7d768a460a990c52a46b1a3b4) Importer(-1,00000000000000000000000000000000) [PhysX] Initialized MultithreadedTaskDispatcher with 16 workers.
 -> (artifact id: 'e724734d9aeed5ac9f2292d79352d54a') in 0.001147 seconds
Start importing Packages/com.autodesk.fbx/Tests/Editor/UnitTests/FbxPoseTest.cs using Guid(377ffb13277e640a49cf09b83a79eccd) Importer(-1,00000000000000000000000000000000) [PhysX] Initialized MultithreadedTaskDispatcher with 16 workers.
 -> (artifact id: '631780feef67d5d6472413aecfa630d4') in 0.001104 seconds
Start importing Packages/com.autodesk.fbx/Runtime/Scripts/FbxAnimCurveKey.cs using Guid(47b6f197e5944c31aa34409dd6fa8c3f) Importer(-1,00000000000000000000000000000000) [PhysX] Initialized MultithreadedTaskDispatcher with 16 workers.
 -> (artifact id: '90bbe90083cbe2b7de4d182d1e6004d4') in 0.001137 seconds
Start importing Packages/com.autodesk.fbx/Runtime/Scripts/FbxPropertyDouble.cs using Guid(6731a5f0547b44e3080df4c2a40a84d0) Importer(-1,00000000000000000000000000000000) [PhysX] Initialized MultithreadedTaskDispatcher with 16 workers.
 -> (artifact id: '400e7e605112d54928a01d6ce3ab17ee') in 0.001474 seconds
Start importing Packages/com.autodesk.fbx/Tests/Editor/UnitTests/FbxSkeletonTest.cs using Guid(7738427e955ff4723b23f11378ee62b7) Importer(-1,00000000000000000000000000000000) [PhysX] Initialized MultithreadedTaskDispatcher with 16 workers.
 -> (artifact id: '5fc3941ad0f408d63106b3e384f900d5') in 0.001147 seconds
Start importing Packages/com.autodesk.fbx/Runtime/Scripts/FbxPropertyInt.cs using Guid(773834fd99e17429fb61aa4ac09956c9) Importer(-1,00000000000000000000000000000000) [PhysX] Initialized MultithreadedTaskDispatcher with 16 workers.
 -> (artifact id: 'fdf9b6cbdd1840b10d65d9fd7abd6e24') in 0.001115 seconds
Start importing Packages/com.autodesk.fbx/Tests/Editor/UnitTests/FbxNodeAttributeTest.cs using Guid(77cabefea21cd4b158c04e5407a85eb8) Importer(-1,00000000000000000000000000000000) [PhysX] Initialized MultithreadedTaskDispatcher with 16 workers.
 -> (artifact id: 'ae4800816b33e3287dae44108f2fdf45') in 0.001528 seconds
Start importing Packages/com.autodesk.fbx/Runtime/Scripts/FbxStatus.cs using Guid(770c4fbcc2881470680f3982e7066ce6) Importer(-1,00000000000000000000000000000000) [PhysX] Initialized MultithreadedTaskDispatcher with 16 workers.
 -> (artifact id: '4fe9cd799ea6aa4ac15ad81e07307e87') in 0.001625 seconds
Start importing Packages/com.autodesk.fbx/Runtime/Scripts/FbxLayerElementTemplateFbxColor.cs using Guid(8736eb180fa114d4a9f6706827faf155) Importer(-1,00000000000000000000000000000000) [PhysX] Initialized MultithreadedTaskDispatcher with 16 workers.
 -> (artifact id: '7a0387c800e6da24563bba3be7b17882') in 0.001015 seconds
Start importing Packages/com.autodesk.fbx/Runtime/Scripts/FbxDoubleTemplates.cs using Guid(c7c6de2a9a7794c0ab9e85a30dcbfae1) Importer(-1,00000000000000000000000000000000) [PhysX] Initialized MultithreadedTaskDispatcher with 16 workers.
 -> (artifact id: 'f2dd2a2d59fd753c0894e0d5097084df') in 0.001016 seconds
Start importing Packages/com.autodesk.fbx/Runtime/Scripts/FbxPropertyFlags.cs using Guid(c7f7fc0dc879141669a0e2cc17701aa4) Importer(-1,00000000000000000000000000000000) [PhysX] Initialized MultithreadedTaskDispatcher with 16 workers.
 -> (artifact id: '4197df45fdd8d9848f81709e2acae4f4') in 0.000984 seconds
Start importing Packages/com.unity.formats.fbx/Editor/ConvertToPrefabSettings.cs using Guid(c76baeb93aacc3046a3cf145f6ecc041) Importer(-1,00000000000000000000000000000000) [PhysX] Initialized MultithreadedTaskDispatcher with 16 workers.
 -> (artifact id: '509dfd9c9e7ffe64730286c386fa902d') in 0.001076 seconds
Start importing Packages/com.autodesk.fbx/Runtime/Scripts/FbxBlendShape.cs using Guid(d785c46df19794ae9abd0994ec1796d2) Importer(-1,00000000000000000000000000000000) [PhysX] Initialized MultithreadedTaskDispatcher with 16 workers.
 -> (artifact id: '94970c72c50fc1e05e11baabc278c35f') in 0.001181 seconds
Start importing Packages/com.unity.formats.fbx/Editor/InstallIntegration.cs using Guid(08f0b47e313f8244bae77eb66c7cb124) Importer(-1,00000000000000000000000000000000) [PhysX] Initialized MultithreadedTaskDispatcher with 16 workers.
 -> (artifact id: 'ac38ef237cd4dbc853d67069943ab08b') in 0.001045 seconds
Start importing Packages/com.unity.formats.fbx/Editor/FbxExporter.cs using Guid(086d74cba264ce648a3f6b23d0b6aeec) Importer(-1,00000000000000000000000000000000) [PhysX] Initialized MultithreadedTaskDispatcher with 16 workers.
 -> (artifact id: 'ed0a5f4ecf013dd03036240ca271dee5') in 0.001127 seconds
Start importing Packages/com.autodesk.fbx/Tests/Editor/LinuxTests/LinuxTest.cs using Guid(182e1a4b3ae7442339cad86b3af27d6e) Importer(-1,00000000000000000000000000000000) [PhysX] Initialized MultithreadedTaskDispatcher with 16 workers.
 -> (artifact id: 'bd3f4cc88c654adb9ab5cace2669c649') in 0.001123 seconds
Start importing Packages/com.autodesk.fbx/Tests/Editor/UnitTests/FbxDataTypeTest.cs using Guid(4853d371260dc4b2e9a82f47321e6cb9) Importer(-1,00000000000000000000000000000000) [PhysX] Initialized MultithreadedTaskDispatcher with 16 workers.
 -> (artifact id: 'a60d88f2142ad63fb381a2b333b42d8e') in 0.000993 seconds
Start importing Packages/com.autodesk.fbx/Runtime/Scripts/FbxNull.cs using Guid(4806f250b87e544afa3661701a6fbe1e) Importer(-1,00000000000000000000000000000000) [PhysX] Initialized MultithreadedTaskDispatcher with 16 workers.
 -> (artifact id: '3e7699bd01ab389ca106548f1f90fe19') in 0.000984 seconds
Start importing Packages/com.autodesk.fbx/Tests/Editor/UnitTests/FbxDouble4x4Test.cs using Guid(88850b2f6f612469bac83a70b67d796e) Importer(-1,00000000000000000000000000000000) [PhysX] Initialized MultithreadedTaskDispatcher with 16 workers.
 -> (artifact id: 'b7d0f18f0f6541c782de365e4bcd315d') in 0.001703 seconds
Start importing Packages/com.autodesk.fbx/Tests/Editor/UseCaseTests/CameraExportTest.cs using Guid(a8337a291c542492b803eeebe48d9452) Importer(-1,00000000000000000000000000000000) [PhysX] Initialized MultithreadedTaskDispatcher with 16 workers.
 -> (artifact id: 'da453f36e190806ca960ecb74aca5637') in 0.001349 seconds
Start importing Packages/com.autodesk.fbx/Tests/Editor/UnitTests/FbxImplementationTest.cs using Guid(a8ca48ac1b8824e2291883cf9131561c) Importer(-1,00000000000000000000000000000000) [PhysX] Initialized MultithreadedTaskDispatcher with 16 workers.
 -> (artifact id: 'cab84918fe31227ba71aff78096a9d2c') in 0.001040 seconds
Start importing Packages/com.autodesk.fbx/Tests/Editor/PlayModeTests/FbxExporterTest.cs using Guid(c8e331e3057754579b5711b9f9751215) Importer(-1,00000000000000000000000000000000) [PhysX] Initialized MultithreadedTaskDispatcher with 16 workers.
 -> (artifact id: 'f6e07cf4aba6841dcf6733577037d7ae') in 0.000930 seconds
Start importing Packages/com.autodesk.fbx/Runtime/Scripts/FbxObject.cs using Guid(c86890633bc4a46ea89cdeca2a6800ac) Importer(-1,00000000000000000000000000000000) [PhysX] Initialized MultithreadedTaskDispatcher with 16 workers.
 -> (artifact id: 'f89e7d9d75f7af5e94a46468277a17d8') in 0.001019 seconds
Start importing Packages/com.autodesk.fbx/Tests/Editor/UnitTests/FbxAnimStackTest.cs using Guid(c86ae7ace04574feb866ca2d1d470c9b) Importer(-1,00000000000000000000000000000000) [PhysX] Initialized MultithreadedTaskDispatcher with 16 workers.
 -> (artifact id: 'a3e4a7aaa455f6c378cdb43254eb7569') in 0.001088 seconds
Start importing Packages/com.autodesk.fbx/Runtime/Scripts/FbxAnimLayer.cs using Guid(c8adf342fb1024782b4075c309e991c2) Importer(-1,00000000000000000000000000000000) [PhysX] Initialized MultithreadedTaskDispatcher with 16 workers.
 -> (artifact id: '69a8601af8c79758f29457810aa57296') in 0.001016 seconds
Start importing Packages/com.autodesk.fbx/Runtime/Scripts/FbxEmitter.cs using Guid(d8d4ed958ba764edc99158d703f82906) Importer(-1,00000000000000000000000000000000) [PhysX] Initialized MultithreadedTaskDispatcher with 16 workers.
 -> (artifact id: '6ffbf30fe51005d2d8c6179d9653f840') in 0.001089 seconds
Start importing Packages/com.autodesk.fbx/Tests/Editor/UnitTests/FbxLimitsTest.cs using Guid(d8ecadb3c4ad347be97985b7640beb08) Importer(-1,00000000000000000000000000000000) [PhysX] Initialized MultithreadedTaskDispatcher with 16 workers.
 -> (artifact id: '1d412d00b72595545547ac73a8d810df') in 0.000914 seconds
Start importing Packages/com.autodesk.fbx/Runtime/Scripts/FbxSystemUnit.cs using Guid(e813165883253461cb800efe048dfef9) Importer(-1,00000000000000000000000000000000) [PhysX] Initialized MultithreadedTaskDispatcher with 16 workers.
 -> (artifact id: 'dea2ebbd6898742d2902fc3ef5bad11c') in 0.000959 seconds
Start importing Packages/com.autodesk.fbx/Runtime/Scripts/FbxLayerElementArrayTemplateFbxVector4.cs using Guid(e86a78b069e7347509b07d2e7647b21f) Importer(-1,00000000000000000000000000000000) [PhysX] Initialized MultithreadedTaskDispatcher with 16 workers.
 -> (artifact id: '408050fde49d3bcff73b297395ba99a4') in 0.001025 seconds
Start importing Packages/com.unity.formats.fbx/Editor/FbxPropertyChannelPair.cs using Guid(19beec94e982ea144bbbb572e8664534) Importer(-1,00000000000000000000000000000000) [PhysX] Initialized MultithreadedTaskDispatcher with 16 workers.
 -> (artifact id: 'ab885ddb785e381f8e12bc6f5eccb3af') in 0.000960 seconds
Start importing Packages/com.autodesk.fbx/Runtime/Scripts/FbxSurfacePhong.cs using Guid(295618e8257f34acf858555a9d5b2ba4) Importer(-1,00000000000000000000000000000000) [PhysX] Initialized MultithreadedTaskDispatcher with 16 workers.
 -> (artifact id: '999d24cbbfb125112ab9b4d723cc9383') in 0.000944 seconds
Start importing Packages/com.autodesk.fbx/Tests/Editor/UnitTests/FbxSkinTest.cs using Guid(298821ad79dd94a328c470274758a4ba) Importer(-1,00000000000000000000000000000000) [PhysX] Initialized MultithreadedTaskDispatcher with 16 workers.
 -> (artifact id: '0cd103d2a8633224a849fb75fe5bdbd8') in 0.000820 seconds
Start importing Packages/com.autodesk.fbx/Runtime/Scripts/FbxTime.cs using Guid(39f11fe5a421b4f668349b48a59eee24) Importer(-1,00000000000000000000000000000000) [PhysX] Initialized MultithreadedTaskDispatcher with 16 workers.
 -> (artifact id: '02e144a99fa5d69b3e0bbd702ec89926') in 0.001069 seconds
Start importing Packages/com.autodesk.fbx/Runtime/Scripts/FbxLayerElementUV.cs using Guid(39e6b6a6762ff4388a74da9d4019f322) Importer(-1,00000000000000000000000000000000) [PhysX] Initialized MultithreadedTaskDispatcher with 16 workers.
 -> (artifact id: 'c617ad27f774ae3bedce0acc0067e33d') in 0.000940 seconds
Start importing Packages/com.autodesk.fbx/Runtime/Scripts/FbxLimits.cs using Guid(491795aeba244434eaf931a5ee584a78) Importer(-1,00000000000000000000000000000000) [PhysX] Initialized MultithreadedTaskDispatcher with 16 workers.
 -> (artifact id: 'b2023148b74bb107e8a5ec7248ce51e7') in 0.000941 seconds
Start importing Packages/com.autodesk.fbx/Runtime/Scripts/FbxLayerElementNormal.cs using Guid(5933eb8bf1a5348eea84550b6b4bad54) Importer(-1,00000000000000000000000000000000) [PhysX] Initialized MultithreadedTaskDispatcher with 16 workers.
 -> (artifact id: 'fee4a0a4eafe16a2c77410f462d8357b') in 0.000862 seconds
Start importing Packages/com.unity.formats.fbx/Editor/CustomExtensions.cs using Guid(899c60218728f455b9ac864bbddc0f8a) Importer(-1,00000000000000000000000000000000) [PhysX] Initialized MultithreadedTaskDispatcher with 16 workers.
 -> (artifact id: '47316fcaf9c6557588c18bbc694c951f') in 0.001232 seconds
Start importing Packages/com.autodesk.fbx/Tests/Editor/UseCaseTests/LightExportTest.cs using Guid(99cc72abf56324395ac6e705d557e085) Importer(-1,00000000000000000000000000000000) [PhysX] Initialized MultithreadedTaskDispatcher with 16 workers.
 -> (artifact id: '48b075378679cf90219a8b52b2eb3b53') in 0.001109 seconds
Start importing Packages/com.autodesk.fbx/Runtime/Scripts/FbxPropertyEGateFit.cs using Guid(c90196042f3333f4f9f9ef7541652f0a) Importer(-1,00000000000000000000000000000000) [PhysX] Initialized MultithreadedTaskDispatcher with 16 workers.
 -> (artifact id: 'ef25a69d72cfa2e12d8fb56b96b88b09') in 0.001048 seconds
Start importing Packages/com.autodesk.fbx/Runtime/Scripts/FbxPropertyEDecayType.cs using Guid(d966c893d2fab41d0bb090359fcdb5de) Importer(-1,00000000000000000000000000000000) [PhysX] Initialized MultithreadedTaskDispatcher with 16 workers.
 -> (artifact id: '231b3b3484041ba69451dc1fc59efe83') in 0.000876 seconds
Start importing Packages/com.autodesk.fbx/Tests/Editor/UseCaseTests/EmptyExportTest.cs using Guid(0a6017cc245b04460953e63b293e2125) Importer(-1,00000000000000000000000000000000) [PhysX] Initialized MultithreadedTaskDispatcher with 16 workers.
 -> (artifact id: 'f42cc24f9fce1cfe3c51ff449ec3355c') in 0.000917 seconds
Start importing Packages/com.autodesk.fbx/Runtime/Scripts/FbxPose.cs using Guid(1a37e1f30487e42c1bead135d803b95d) Importer(-1,00000000000000000000000000000000) [PhysX] Initialized MultithreadedTaskDispatcher with 16 workers.
 -> (artifact id: '89988befcd70f24be7141f8b6ff95b1d') in 0.001100 seconds
Start importing Packages/com.autodesk.fbx/Runtime/Scripts/FbxIOFileHeaderInfo.cs using Guid(3a4306b8a7d724c37ab1fdfd559892e5) Importer(-1,00000000000000000000000000000000) [PhysX] Initialized MultithreadedTaskDispatcher with 16 workers.
 -> (artifact id: '6b8c150b340f39f1524dd7df3eaf2b69') in 0.001170 seconds
Start importing Packages/com.unity.formats.fbx/Editor/ConvertToPrefabEditorWindow.cs using Guid(5aa45f90da736a942b6f630075abdcde) Importer(-1,00000000000000000000000000000000) [PhysX] Initialized MultithreadedTaskDispatcher with 16 workers.
 -> (artifact id: '50d06539d45e7fd656c442719e9bd601') in 0.001425 seconds
Start importing Packages/com.autodesk.fbx/Runtime/Scripts/FbxMatrix.cs using Guid(5afc4ee58f52a4323a204ebb3a4a4545) Importer(-1,00000000000000000000000000000000) [PhysX] Initialized MultithreadedTaskDispatcher with 16 workers.
 -> (artifact id: '2b27c67eaf21a38e5bcf192de73feb56') in 0.001575 seconds
Start importing Packages/com.autodesk.fbx/Tests/Editor/UnitTests/FbxNurbsCurveTest.cs using Guid(6acc5713ea8177640a5ac2c070977a89) Importer(-1,00000000000000000000000000000000) [PhysX] Initialized MultithreadedTaskDispatcher with 16 workers.
 -> (artifact id: '13604dd4dd096a9505a3aa7c9bf75b55') in 0.001079 seconds
Start importing Packages/com.autodesk.fbx/Runtime/Scripts/FbxGeometry.cs using Guid(6a1db1be24bd54c248a9de7274b783a5) Importer(-1,00000000000000000000000000000000) [PhysX] Initialized MultithreadedTaskDispatcher with 16 workers.
 -> (artifact id: '1698c8f996a9b8301bc9f25de1b79690') in 0.001289 seconds
Start importing Packages/com.autodesk.fbx/Runtime/Scripts/FbxConstraintRotation.cs using Guid(6aff42940fda64911b4a26da411561c9) Importer(-1,00000000000000000000000000000000) [PhysX] Initialized MultithreadedTaskDispatcher with 16 workers.
 -> (artifact id: 'b2807f132ddedcb3d203be0a568cca85') in 0.001001 seconds
Start importing Packages/com.autodesk.fbx/Runtime/Scripts/FbxAnimCurveNode.cs using Guid(7af29ccd4b54d4bcf894448cf1a55099) Importer(-1,00000000000000000000000000000000) [PhysX] Initialized MultithreadedTaskDispatcher with 16 workers.
 -> (artifact id: '391fcdf6374f48be3b3c44294e963bbd') in 0.001167 seconds
Start importing Packages/com.autodesk.fbx/Tests/Editor/UnitTests/FbxObjectTest.cs using Guid(7a85822e35ce64ecfbcf8989bb9f83c5) Importer(-1,00000000000000000000000000000000) [PhysX] Initialized MultithreadedTaskDispatcher with 16 workers.
 -> (artifact id: 'd32f3b65a68bd8df30761ae997fe166f') in 0.001178 seconds
Start importing Packages/com.autodesk.fbx/Tests/Runtime/BuildTestsAssets/ExportEmptyFbx.cs using Guid(8adf4be3128bc2247a531860bb74442d) Importer(-1,00000000000000000000000000000000) [PhysX] Initialized MultithreadedTaskDispatcher with 16 workers.
 -> (artifact id: 'f5e1941a09c12e0372d68076dcfa447e') in 0.001168 seconds
Start importing Packages/com.autodesk.fbx/Runtime/Scripts/FbxTexture.cs using Guid(9a7446ee18a534f3dacdeaa9756c4ebc) Importer(-1,00000000000000000000000000000000) [PhysX] Initialized MultithreadedTaskDispatcher with 16 workers.
 -> (artifact id: 'c7fd091c04fb152351371231b17fee1e') in 0.000983 seconds
Start importing Packages/com.unity.formats.fbx/Editor/ExportModelEditorWindow.cs using Guid(baff9bf1ccd6b1241ae22fb92061bcb0) Importer(-1,00000000000000000000000000000000) [PhysX] Initialized MultithreadedTaskDispatcher with 16 workers.
 -> (artifact id: '9a33aa15c52f945e8d2cfee2f954d0cc') in 0.001229 seconds
Start importing Packages/com.autodesk.fbx/Runtime/Scripts/FbxDataType.cs using Guid(caccccf6c4171441f804d367cc405f6f) Importer(-1,00000000000000000000000000000000) [PhysX] Initialized MultithreadedTaskDispatcher with 16 workers.
 -> (artifact id: 'dcc1fd4abe1b45ad2910693a0ae2f4ab') in 0.001055 seconds
Start importing Packages/com.unity.formats.fbx/Editor/Sources/Recorders/FbxRecorder/FbxRecorderSettings.cs using Guid(fa99b205b763ac44896cd5ea78e5ab5e) Importer(-1,00000000000000000000000000000000) [PhysX] Initialized MultithreadedTaskDispatcher with 16 workers.
 -> (artifact id: '551e8d445cfaae6984ffb8fe5141d78f') in 0.001025 seconds
Start importing Packages/com.autodesk.fbx/Runtime/Scripts/FbxPropertyEntryView.cs using Guid(fa1b8519b3ee141e18b6edc0d4ded2b3) Importer(-1,00000000000000000000000000000000) [PhysX] Initialized MultithreadedTaskDispatcher with 16 workers.
 -> (artifact id: '4c1bd70d71868ffdc8ac9edabdd7f358') in 0.000969 seconds
Start importing Packages/com.autodesk.fbx/Runtime/Scripts/FbxCluster.cs using Guid(1b8c04dac83884783bfd9e20c6bc12e9) Importer(-1,00000000000000000000000000000000) [PhysX] Initialized MultithreadedTaskDispatcher with 16 workers.
 -> (artifact id: 'c24b5f563e24fad74f0ced148e61b4f0') in 0.001160 seconds
Start importing Packages/com.autodesk.fbx/Tests/Editor/UseCaseTests/TransformExportTest.cs using Guid(2b417c7cdc02647b8a54d1c74c8636fb) Importer(-1,00000000000000000000000000000000) [PhysX] Initialized MultithreadedTaskDispatcher with 16 workers.
 -> (artifact id: 'abb4aa1678cebc559c6656d70938783b') in 0.001465 seconds
Start importing Packages/com.autodesk.fbx/Runtime/Scripts/FbxEntryView.cs using Guid(2b632e70e71ac4edeb75ac40559150dc) Importer(-1,00000000000000000000000000000000) [PhysX] Initialized MultithreadedTaskDispatcher with 16 workers.
 -> (artifact id: 'e84cd656445a7a11306cbe523567dbd6') in 0.001005 seconds
Start importing Packages/com.autodesk.fbx/Runtime/Scripts/FbxSurfaceLambert.cs using Guid(4bb3d0e47a2144cfca737a6966c83503) Importer(-1,00000000000000000000000000000000) [PhysX] Initialized MultithreadedTaskDispatcher with 16 workers.
 -> (artifact id: 'd7d9b9b10d92a3981700391b7e951dee') in 0.000896 seconds
Start importing Packages/com.autodesk.fbx/Runtime/Scripts/FbxLayerElementArrayTemplateInt.cs using Guid(4b8530409ddce46c6a66bba4155cf38f) Importer(-1,00000000000000000000000000000000) [PhysX] Initialized MultithreadedTaskDispatcher with 16 workers.
 -> (artifact id: '81bdb0d6d0b8d93cd386b0f6b660aafe') in 0.000998 seconds
Start importing Packages/com.autodesk.fbx/Tests/Editor/UnitTests/FbxQuaternionTest.cs using Guid(6bc2ded16816b42f3b1f4d3b66a5f579) Importer(-1,00000000000000000000000000000000) [PhysX] Initialized MultithreadedTaskDispatcher with 16 workers.
 -> (artifact id: '21234ca84be9bd22cd5d340d8a04a808') in 0.001038 seconds
Start importing Packages/com.autodesk.fbx/Runtime/Scripts/FbxConstraintPosition.cs using Guid(ab6043e3582f344398a5ac7b2d4ccee2) Importer(-1,00000000000000000000000000000000) [PhysX] Initialized MultithreadedTaskDispatcher with 16 workers.
 -> (artifact id: '24b43581b9af6605dc2a5c11d0ce5be7') in 0.000885 seconds
Start importing Packages/com.autodesk.fbx/Runtime/Scripts/FbxSharpProgressCallback.cs using Guid(bbc0fa4b9656e40b29c62fb38dc5b10f) Importer(-1,00000000000000000000000000000000) [PhysX] Initialized MultithreadedTaskDispatcher with 16 workers.
 -> (artifact id: 'd056c1e0813b938572cfc2a2952a7916') in 0.000948 seconds
Start importing Packages/com.autodesk.fbx/Tests/Editor/UnitTests/Base.cs using Guid(bb2a6f0e1115643e188182ddf668b103) Importer(-1,00000000000000000000000000000000) [PhysX] Initialized MultithreadedTaskDispatcher with 16 workers.
 -> (artifact id: 'cf921caabb31182ab73a916ca4a7a3b7') in 0.000938 seconds
Start importing Packages/com.autodesk.fbx/Runtime/Scripts/FbxPropertyMarkerELook.cs using Guid(cb702ccfc8a5644698b94dc37b156666) Importer(-1,00000000000000000000000000000000) [PhysX] Initialized MultithreadedTaskDispatcher with 16 workers.
 -> (artifact id: 'da6ce9966ac6f447ec9244229cf34b35') in 0.000980 seconds
Start importing Packages/com.autodesk.fbx/Tests/Editor/UnitTests/FbxManagerTest.cs using Guid(cb0304045821f433e8c52c29acf48da0) Importer(-1,00000000000000000000000000000000) [PhysX] Initialized MultithreadedTaskDispatcher with 16 workers.
 -> (artifact id: '3cf0109f74fabafdb3271cec117dbac6') in 0.000953 seconds
Start importing Packages/com.autodesk.fbx/Tests/Editor/UnitTests/FbxAnimCurveNodeTest.cs using Guid(cb7499dc2f54e4419a18fbaf93c6c996) Importer(-1,00000000000000000000000000000000) [PhysX] Initialized MultithreadedTaskDispatcher with 16 workers.
 -> (artifact id: 'f60796ce51e869e2499b64b5385cc40b') in 0.000945 seconds
Start importing Packages/com.autodesk.fbx/Runtime/Scripts/FbxPropertyEWrapMode.cs using Guid(db99f782ab5404108812d2dc6197fe96) Importer(-1,00000000000000000000000000000000) [PhysX] Initialized MultithreadedTaskDispatcher with 16 workers.
 -> (artifact id: 'c0783895fe9fdd834fa39374562dee9a') in 0.001001 seconds
Start importing Packages/com.autodesk.fbx/Tests/Editor/UseCaseTests/AnimatedConstraintExportTest.cs using Guid(fbdf78b1ce1fc46de8c90175db4a3fea) Importer(-1,00000000000000000000000000000000) [PhysX] Initialized MultithreadedTaskDispatcher with 16 workers.
 -> (artifact id: '0d54168aa60d1fd65c7b799274d218eb') in 0.000891 seconds
Start importing Packages/com.autodesk.fbx/Tests/Editor/UnitTests/FbxSceneTest.cs using Guid(1c2bbd2b899df434887ad618fa69da58) Importer(-1,00000000000000000000000000000000) [PhysX] Initialized MultithreadedTaskDispatcher with 16 workers.
 -> (artifact id: 'bfd1e2217d040d05d27e5b69a409714c') in 0.000942 seconds
Start importing Packages/com.autodesk.fbx/Runtime/Scripts/FbxLayerElement.cs using Guid(4caad3255ea1745448149cfd462d2a04) Importer(-1,00000000000000000000000000000000) [PhysX] Initialized MultithreadedTaskDispatcher with 16 workers.
 -> (artifact id: '856df19ea0f692e05d4b279482411961') in 0.000950 seconds
Start importing Packages/com.autodesk.fbx/Runtime/Scripts/FbxBindingTableBase.cs using Guid(4c4d8af364eb14c128cb66127b44ce3c) Importer(-1,00000000000000000000000000000000) [PhysX] Initialized MultithreadedTaskDispatcher with 16 workers.
 -> (artifact id: '286729c00f199623474d3d479f686b6d') in 0.001013 seconds
Start importing Packages/com.autodesk.fbx/Runtime/Scripts/FbxPropertyFloat.cs using Guid(5cc1ffd10089d4bb8be5f57232ac3820) Importer(-1,00000000000000000000000000000000) [PhysX] Initialized MultithreadedTaskDispatcher with 16 workers.
 -> (artifact id: '6c8d4eba5ed084be0f0beb10aa3351b0') in 0.001206 seconds
Start importing Packages/com.autodesk.fbx/Tests/Editor/UseCaseTests/RoundTripTestBase.cs using Guid(7cf6067adcbbd4a948a4f15b63ca8ce5) Importer(-1,00000000000000000000000000000000) [PhysX] Initialized MultithreadedTaskDispatcher with 16 workers.
 -> (artifact id: '9c1eb33b2f3be907321cc9f3a201707a') in 0.001006 seconds
Start importing Packages/com.autodesk.fbx/Runtime/Scripts/FbxPropertyEInheritType.cs using Guid(7c98b3bd4c8d6486d869d5d94b57145f) Importer(-1,00000000000000000000000000000000) [PhysX] Initialized MultithreadedTaskDispatcher with 16 workers.
 -> (artifact id: 'cb443b89d34778ce16e40e5d4af78504') in 0.001061 seconds
Start importing Packages/com.autodesk.fbx/Runtime/Scripts/FbxPropertyNullELook.cs using Guid(9c784e9c2801b479188c637903773eca) Importer(-1,00000000000000000000000000000000) [PhysX] Initialized MultithreadedTaskDispatcher with 16 workers.
 -> (artifact id: '4580836fe1da66a176bc66317a80503a') in 0.001387 seconds
Start importing Packages/com.autodesk.fbx/Tests/Editor/UnitTests/FbxAxisSystemTest.cs using Guid(bc74d43dae29d4ac9990b86333c4845c) Importer(-1,00000000000000000000000000000000) [PhysX] Initialized MultithreadedTaskDispatcher with 16 workers.
 -> (artifact id: '2f0575ee408ded00486051a37cf6ee75') in 0.001002 seconds
Start importing Packages/com.autodesk.fbx/Tests/Editor/UnitTests/FbxConstraintTest.cs using Guid(ec173be7ff1734089b42766a2a564d99) Importer(-1,00000000000000000000000000000000) [PhysX] Initialized MultithreadedTaskDispatcher with 16 workers.
 -> (artifact id: 'a8d5b07d38da148c11eb0ef003257153') in 0.001069 seconds
Start importing Packages/com.unity.formats.fbx/Editor/CameraVisitor.cs using Guid(fc0102370e8f8468c829469fa2521d6d) Importer(-1,00000000000000000000000000000000) [PhysX] Initialized MultithreadedTaskDispatcher with 16 workers.
 -> (artifact id: '7e442b10ee6da04f7d09c7541c1ae8c9') in 0.001134 seconds
Start importing Packages/com.autodesk.fbx/Runtime/Scripts/FbxImporter.cs using Guid(fc4557cca60f5443da81423cecdee49f) Importer(-1,00000000000000000000000000000000) [PhysX] Initialized MultithreadedTaskDispatcher with 16 workers.
 -> (artifact id: 'a2ecb4ed9905f2e135bafad24f2b9c58') in 0.001568 seconds
Start importing Packages/com.autodesk.fbx/Runtime/Scripts/FbxAnimCurveBase.cs using Guid(1d746988b2a3a4e1c97762612b292ee0) Importer(-1,00000000000000000000000000000000) [PhysX] Initialized MultithreadedTaskDispatcher with 16 workers.
 -> (artifact id: 'ee4a062d181e680a6ac4c1cce6c5713a') in 0.001633 seconds
Start importing Packages/com.autodesk.fbx/Runtime/Scripts/FbxAMatrix.cs using Guid(5df12f93eac2f43898ad760c073ec6dd) Importer(-1,00000000000000000000000000000000) [PhysX] Initialized MultithreadedTaskDispatcher with 16 workers.
 -> (artifact id: '8cb257cb667c1421f4f9b71af1bcc0d1') in 0.001101 seconds
Start importing Packages/com.autodesk.fbx/Runtime/Scripts/FbxDouble4x4.cs using Guid(5d0ba208c10d943b082205e46e7e9168) Importer(-1,00000000000000000000000000000000) [PhysX] Initialized MultithreadedTaskDispatcher with 16 workers.
 -> (artifact id: '1fcd63d5048f63b467b6ed1002cfe220') in 0.001393 seconds
Start importing Packages/com.autodesk.fbx/Tests/Editor/UnitTests/FbxCameraTest.cs using Guid(6d81f6379f6914e1db34d70707361e86) Importer(-1,00000000000000000000000000000000) [PhysX] Initialized MultithreadedTaskDispatcher with 16 workers.
 -> (artifact id: 'a6e15c972b9e9068c25fbb6e5091fb73') in 0.001211 seconds
Start importing Packages/com.unity.formats.fbx/Editor/FbxExportTimelineAction.cs using Guid(6d4239fbbb2e25448a885f57fcb4a31c) Importer(-1,00000000000000000000000000000000) [PhysX] Initialized MultithreadedTaskDispatcher with 16 workers.
 -> (artifact id: 'cca4a5b87c43b63a99b3cee6a6f66ffe') in 0.001237 seconds
Start importing Packages/com.autodesk.fbx/Tests/Editor/UnitTests/FbxSurfaceMaterialTest.cs using Guid(8dc2b71a11c6143f1bbcfcf6712e236f) Importer(-1,00000000000000000000000000000000) [PhysX] Initialized MultithreadedTaskDispatcher with 16 workers.
 -> (artifact id: '89b218d0e314dd44b4a71d0e09cf54d1') in 0.001008 seconds
Start importing Packages/com.autodesk.fbx/Runtime/Scripts/FbxLayerElementVertexColor.cs using Guid(bd935cf7bc4124866af5773f254c5ac2) Importer(-1,00000000000000000000000000000000) [PhysX] Initialized MultithreadedTaskDispatcher with 16 workers.
 -> (artifact id: '9bc37ccfe6506a227299a62fdbcbb37d') in 0.001184 seconds
Start importing Packages/com.autodesk.fbx/Tests/Editor/UseCaseTests/SkinnedMeshExportTest.cs using Guid(ddd1a6ac6046d4182bc0d643f093645b) Importer(-1,00000000000000000000000000000000) [PhysX] Initialized MultithreadedTaskDispatcher with 16 workers.
 -> (artifact id: '39b2bea481579171e8e06d15c11baec3') in 0.001410 seconds
Start importing Packages/com.autodesk.fbx/Runtime/Scripts/FbxImplementation.cs using Guid(ddbc5749a2e60471fb8011125b5a1495) Importer(-1,00000000000000000000000000000000) [PhysX] Initialized MultithreadedTaskDispatcher with 16 workers.
 -> (artifact id: 'dde782dc2583c953cc361642ead0b65e') in 0.000928 seconds
Start importing Packages/com.autodesk.fbx/Runtime/Scripts/FbxLayerContainer.cs using Guid(dd9fbf5f05604472c9cebd65d409b7f3) Importer(-1,00000000000000000000000000000000) [PhysX] Initialized MultithreadedTaskDispatcher with 16 workers.
 -> (artifact id: '07533790bdefeb59dca5e9aa136ed4ba') in 0.000889 seconds
Start importing Packages/com.autodesk.fbx/Tests/Editor/UnitTests/FbxBlendShapeTest.cs using Guid(ddcf556d25d79404182c6f056fdc5b1c) Importer(-1,00000000000000000000000000000000) [PhysX] Initialized MultithreadedTaskDispatcher with 16 workers.
 -> (artifact id: '12a2c09d84f11b70cc194726dedb1fe9') in 0.000856 seconds
Start importing Packages/com.autodesk.fbx/Tests/Editor/UnitTests/FbxSubDeformerTest.cs using Guid(edd16bc7c77914fcd8463d5972099ee9) Importer(-1,00000000000000000000000000000000) [PhysX] Initialized MultithreadedTaskDispatcher with 16 workers.
 -> (artifact id: 'b701ba34b0156daf7bb02eab22e8a53f') in 0.001037 seconds
Start importing Packages/com.unity.formats.fbx/Editor/Sources/Recorders/FbxRecorder/FbxRecorderSettingsEditor.cs using Guid(edf906cf1a16f584a9715e301c8ed8dd) Importer(-1,00000000000000000000000000000000) [PhysX] Initialized MultithreadedTaskDispatcher with 16 workers.
 -> (artifact id: '43e5082a51d3a34d5510f3ec42f8f332') in 0.000909 seconds
Start importing Packages/com.autodesk.fbx/Tests/Editor/UnitTests/FbxNodeTest.cs using Guid(fdb57acff7a8e4042b4282107e02627f) Importer(-1,00000000000000000000000000000000) [PhysX] Initialized MultithreadedTaskDispatcher with 16 workers.
 -> (artifact id: '348063f2cf34f105dbc6663fc289e644') in 0.000951 seconds
Start importing Packages/com.autodesk.fbx/Runtime/Scripts/FbxNodeAttribute.cs using Guid(fdcc203cbd9eb418d8d7fb5861ffd47e) Importer(-1,00000000000000000000000000000000) [PhysX] Initialized MultithreadedTaskDispatcher with 16 workers.
 -> (artifact id: '409b461556961cff084e8dd6eeda1097') in 0.000924 seconds
Start importing Packages/com.unity.formats.fbx/Editor/IExportData.cs using Guid(0e4f69db33694f143a233446cb2241f3) Importer(-1,00000000000000000000000000000000) [PhysX] Initialized MultithreadedTaskDispatcher with 16 workers.
 -> (artifact id: 'ea484649a6fc5b5915c796f2ce7a2c48') in 0.001191 seconds
Start importing Packages/com.autodesk.fbx/Runtime/Scripts/FbxAnimCurve.cs using Guid(1efa8d6b8ca22438abd22afa899641fc) Importer(-1,00000000000000000000000000000000) [PhysX] Initialized MultithreadedTaskDispatcher with 16 workers.
 -> (artifact id: '531cb0ae8d102e00bda0dd7effc7abc0') in 0.001162 seconds
Start importing Packages/com.autodesk.fbx/Tests/Editor/UnitTests/EqualityTester.cs using Guid(2ee22a37175c44a8f9909f179b84102a) Importer(-1,00000000000000000000000000000000) [PhysX] Initialized MultithreadedTaskDispatcher with 16 workers.
 -> (artifact id: '8c59d63a88c2b6e36e58ce7a3a2979d0') in 0.000987 seconds
Start importing Packages/com.autodesk.fbx/Runtime/Scripts/FbxDeformer.cs using Guid(3e002d2d5a5a94afbbb93e1bf6e77d3d) Importer(-1,00000000000000000000000000000000) [PhysX] Initialized MultithreadedTaskDispatcher with 16 workers.
 -> (artifact id: 'c980dd05f1afba873031a7bd7486a717') in 0.001071 seconds
Start importing Packages/com.autodesk.fbx/Runtime/Scripts/FbxLayerElementArray.cs using Guid(3e4301c3073394d80b39c3b85e293bcc) Importer(-1,00000000000000000000000000000000) [PhysX] Initialized MultithreadedTaskDispatcher with 16 workers.
 -> (artifact id: 'd86877f3db397043d64923d6be7a969c') in 0.001112 seconds
Start importing Packages/com.autodesk.fbx/Runtime/Scripts/FbxLayer.cs using Guid(4e2d39db9a77d4b53acd8c23237becae) Importer(-1,00000000000000000000000000000000) [PhysX] Initialized MultithreadedTaskDispatcher with 16 workers.
 -> (artifact id: '8b3a5bf6de6933051b33372771647274') in 0.000960 seconds
Start importing Packages/com.autodesk.fbx/Tests/Editor/UnitTests/FbxMeshTest.cs using Guid(7e452b2c0e2ed45d2abcd05730de345d) Importer(-1,00000000000000000000000000000000) [PhysX] Initialized MultithreadedTaskDispatcher with 16 workers.
 -> (artifact id: 'fff36f1c0177840071ddfea91b5082b5') in 0.001026 seconds
Start importing Packages/com.autodesk.fbx/Tests/Editor/UnitTests/FbxTextureTest.cs using Guid(9e953d08245fb4804918725df4c085c2) Importer(-1,00000000000000000000000000000000) [PhysX] Initialized MultithreadedTaskDispatcher with 16 workers.
 -> (artifact id: 'b52bb463bf4f26743ffcc9f3c021e9c5') in 0.001916 seconds
Start importing Packages/com.autodesk.fbx/Runtime/Scripts/FbxSkeleton.cs using Guid(9e3b7699fe8ac419f90b9881bd1a37f8) Importer(-1,00000000000000000000000000000000) [PhysX] Initialized MultithreadedTaskDispatcher with 16 workers.
 -> (artifact id: 'f3d7935a2a14029925f101c96b8c5602') in 0.001374 seconds
Start importing Packages/com.autodesk.fbx/Runtime/Scripts/FbxEuler.cs using Guid(be2ebcd3a3be24b18b733e6e2e6078f9) Importer(-1,00000000000000000000000000000000) [PhysX] Initialized MultithreadedTaskDispatcher with 16 workers.
 -> (artifact id: 'fa8541fd9ef2ace607db46d315362229') in 0.001210 seconds
Start importing Packages/com.autodesk.fbx/Tests/Editor/UnitTests/FbxTimeTest.cs using Guid(ce52046844f734186b084af5a142bb5f) Importer(-1,00000000000000000000000000000000) [PhysX] Initialized MultithreadedTaskDispatcher with 16 workers.
 -> (artifact id: 'b1698405a9d8005a2d07545552ac1e30') in 0.001041 seconds
Start importing Packages/com.autodesk.fbx/Tests/Editor/UnitTests/Invoker.cs using Guid(ce49dac1559944062a81f2107f956ea1) Importer(-1,00000000000000000000000000000000) [PhysX] Initialized MultithreadedTaskDispatcher with 16 workers.
 -> (artifact id: '1611990730627935331d822c0fa61f16') in 0.001327 seconds
Start importing Packages/com.autodesk.fbx/Tests/Editor/UnitTests/FbxCollectionTest.cs using Guid(de0c4e8de7a0f48d5b35cee44fc6006d) Importer(-1,00000000000000000000000000000000) [PhysX] Initialized MultithreadedTaskDispatcher with 16 workers.
 -> (artifact id: 'e505027c97deccc2b9a3fb43d2ee7ec4') in 0.001113 seconds
Start importing Packages/com.autodesk.fbx/Runtime/Scripts/FbxAnimCurveDef.cs using Guid(0f55da9345195482ca83fe318ad2915b) Importer(-1,00000000000000000000000000000000) [PhysX] Initialized MultithreadedTaskDispatcher with 16 workers.
 -> (artifact id: '7f7c49ae99a0357bc7f0271cf579a5fd') in 0.001300 seconds
Start importing Packages/com.autodesk.fbx/Runtime/Scripts/Globals.cs using Guid(1f863b1bec57b4031b4cf3965993f1bd) Importer(-1,00000000000000000000000000000000) [PhysX] Initialized MultithreadedTaskDispatcher with 16 workers.
 -> (artifact id: 'b0fd73beb7368e4a913845334e2b2a5e') in 0.001056 seconds
Start importing Packages/com.autodesk.fbx/Runtime/Scripts/FbxTimeSpan.cs using Guid(2f153fec4a08f4de4b49301e6846f2d7) Importer(-1,00000000000000000000000000000000) [PhysX] Initialized MultithreadedTaskDispatcher with 16 workers.
 -> (artifact id: 'ef64fd6123a4651d12be2cd96b054b26') in 0.001096 seconds
Start importing Packages/com.autodesk.fbx/Runtime/Scripts/FbxBindingTableEntry.cs using Guid(5f726efa8171b4ad2ac94a2f39c017c7) Importer(-1,00000000000000000000000000000000) [PhysX] Initialized MultithreadedTaskDispatcher with 16 workers.
 -> (artifact id: 'b727c13813214cf1819fca25483e221a') in 0.001402 seconds
Start importing Packages/com.autodesk.fbx/Tests/Editor/UnitTests/FbxGlobalSettingsTest.cs using Guid(6fe31b7a807374e6eb66747ff9ce1c8c) Importer(-1,00000000000000000000000000000000) [PhysX] Initialized MultithreadedTaskDispatcher with 16 workers.
 -> (artifact id: 'db5c0ba00ed1241eee9ae4524bef0eaa') in 0.001139 seconds
Start importing Packages/com.autodesk.fbx/Tests/Editor/UnitTests/FbxVector4Test.cs using Guid(6fc5828fcea4b4d8ba9d9f59e1cb6c64) Importer(-1,00000000000000000000000000000000) [PhysX] Initialized MultithreadedTaskDispatcher with 16 workers.
 -> (artifact id: 'bd12f02c846fed65c2fc06a62e6af867') in 0.001108 seconds
Start importing Packages/com.autodesk.fbx/Tests/Editor/UnitTests/FbxStatusTest.cs using Guid(7f590c53f59a94e0ca305efa8d5721bd) Importer(-1,00000000000000000000000000000000) [PhysX] Initialized MultithreadedTaskDispatcher with 16 workers.
 -> (artifact id: 'abf3b6a340cd0e0b7a33163b8d9bc37d') in 0.001025 seconds
Start importing Packages/com.autodesk.fbx/Tests/Editor/UnitTests/FbxMatrixTest.cs using Guid(8fb1ffd05e4ea4fd3b719dff1bd99015) Importer(-1,00000000000000000000000000000000) [PhysX] Initialized MultithreadedTaskDispatcher with 16 workers.
 -> (artifact id: '4c48e135971192f2f94030eff17abcd4') in 0.001085 seconds
Start importing Packages/com.autodesk.fbx/Tests/Editor/UnitTests/FbxGeometryBaseTest.cs using Guid(8fc1283d49ae848cabc71a1fe026162e) Importer(-1,00000000000000000000000000000000) [PhysX] Initialized MultithreadedTaskDispatcher with 16 workers.
 -> (artifact id: 'dbd31fad160e69f2d0f258234537c85e') in 0.001001 seconds
Start importing Packages/com.autodesk.fbx/Tests/Editor/UseCaseTests/HierarchyExportTest.cs using Guid(8fcb058fab64e4ebca37e496650a3c80) Importer(-1,00000000000000000000000000000000) [PhysX] Initialized MultithreadedTaskDispatcher with 16 workers.
 -> (artifact id: '1fc091e4444c179726f53a979a59e9f5') in 0.000968 seconds
Start importing Packages/com.autodesk.fbx/Runtime/Scripts/FbxAnimCurveFilterUnroll.cs using Guid(af681896f89964e9a97b826f041e13e1) Importer(-1,00000000000000000000000000000000) [PhysX] Initialized MultithreadedTaskDispatcher with 16 workers.
 -> (artifact id: 'd0596ddc077ffe0d9a1cfbfec5a7ebb3') in 0.000997 seconds
Start importing Packages/com.autodesk.fbx/Runtime/Scripts/FbxLight.cs using Guid(bf57212375df1423ab2c47b292ea898f) Importer(-1,00000000000000000000000000000000) [PhysX] Initialized MultithreadedTaskDispatcher with 16 workers.
 -> (artifact id: 'd9ecee96ad4d0138f894af71c6f97712') in 0.001018 seconds
Start importing Packages/com.autodesk.fbx/Runtime/Scripts/FbxProperty.cs using Guid(ffe2d4f60483649459616ba515f94544) Importer(-1,00000000000000000000000000000000) [PhysX] Initialized MultithreadedTaskDispatcher with 16 workers.
 -> (artifact id: '17a938db4ddfad7ddc9d2ee70b8136dc') in 0.000875 seconds
Refreshing native plugins compatible for Editor in 4.67 ms, found 5 plugins.
Native extension for WindowsStandalone target not found
Native extension for iOS target not found
Native extension for Android target not found
Mono: successfully reloaded assembly
- Finished resetting the current domain, in  4.728 seconds
Domain Reload Profiling: 5460ms
	BeginReloadAssembly (114ms)
		ExecutionOrderSort (0ms)
		DisableScriptedObjects (4ms)
		BackupInstance (0ms)
		ReleaseScriptingObjects (0ms)
		CreateAndSetChildDomain (20ms)
	RebuildCommonClasses (24ms)
	RebuildNativeTypeToScriptingClass (8ms)
	initialDomainReloadingComplete (27ms)
	LoadAllAssembliesAndSetupDomain (558ms)
		LoadAssemblies (345ms)
		RebuildTransferFunctionScriptingTraits (0ms)
		AnalyzeDomain (274ms)
			TypeCache.Refresh (229ms)
				TypeCache.ScanAssembly (212ms)
			ScanForSourceGeneratedMonoScriptInfo (31ms)
			ResolveRequiredComponents (13ms)
	FinalizeReload (4729ms)
		ReleaseScriptCaches (0ms)
		RebuildScriptCaches (0ms)
		SetupLoadedEditorAssemblies (4538ms)
			LogAssemblyErrors (0ms)
			InitializePlatformSupportModulesInManaged (19ms)
			SetLoadedEditorAssemblies (5ms)
			RefreshPlugins (0ms)
			BeforeProcessingInitializeOnLoad (126ms)
			ProcessInitializeOnLoadAttributes (4258ms)
			ProcessInitializeOnLoadMethodAttributes (120ms)
			AfterProcessingInitializeOnLoad (10ms)
			EditorAssembliesLoaded (0ms)
		ExecutionOrderSort2 (0ms)
		AwakeInstancesAfterBackupRestoration (10ms)
Start importing Packages/com.autodesk.fbx/Tests/Runtime/BuildTestsAssets/BuildTestScene.unity using Guid(20a588fa79797e944baae5de2e674b61) Importer(-1,00000000000000000000000000000000) [PhysX] Initialized MultithreadedTaskDispatcher with 16 workers.
 -> (artifact id: '14538a0e34937dfd0599f04a20dadf75') in 0.001042 seconds
Start importing Packages/com.autodesk.fbx/package.json using Guid(a4f05ac46033d40eb9bbd94a41250cb8) Importer(-1,00000000000000000000000000000000) [PhysX] Initialized MultithreadedTaskDispatcher with 16 workers.
 -> (artifact id: '7919e94a9b9b49c04917a09570c0f3cf') in 0.002189 seconds
Start importing Packages/com.autodesk.fbx/CHANGELOG.md using Guid(c56490bdd62304a3e99a21086727f6e4) Importer(-1,00000000000000000000000000000000) [PhysX] Initialized MultithreadedTaskDispatcher with 16 workers.
 -> (artifact id: '38282ded308c29ca4ca7c295cfdc1e51') in 0.002246 seconds
Start importing Packages/com.unity.formats.fbx/CHANGELOG.md using Guid(c606efef3496249d993a36a9411338ad) Importer(-1,00000000000000000000000000000000) [PhysX] Initialized MultithreadedTaskDispatcher with 16 workers.
 -> (artifact id: 'bc1bb82365991c192a30a0887f3068e1') in 0.001727 seconds
Start importing Packages/com.autodesk.fbx/LICENSE.md using Guid(7ca9385f85229e7468f58a63ae414552) Importer(-1,00000000000000000000000000000000) [PhysX] Initialized MultithreadedTaskDispatcher with 16 workers.
 -> (artifact id: 'da9473aec7abd860af12fd3cc4e5593f') in 0.001639 seconds
Start importing Packages/com.unity.formats.fbx/package.json using Guid(ccdd9a369c9c444e8a310305bd5fdc1e) Importer(-1,00000000000000000000000000000000) [PhysX] Initialized MultithreadedTaskDispatcher with 16 workers.
 -> (artifact id: '2c3d9d4a1e149baa867969fe66e61e6e') in 0.001914 seconds
Start importing Packages/com.unity.formats.fbx/LICENSE.md using Guid(ecc7645f242591c459d45aa2617a90c9) Importer(-1,00000000000000000000000000000000) [PhysX] Initialized MultithreadedTaskDispatcher with 16 workers.
 -> (artifact id: '31e7acedde6a3c561f8d7276e119958f') in 0.001777 seconds
Start importing Packages/com.autodesk.fbx/Third Party Notices.md using Guid(2dc2d47e38bdfa54e92fdc76c8045751) Importer(-1,00000000000000000000000000000000) [PhysX] Initialized MultithreadedTaskDispatcher with 16 workers.
 -> (artifact id: 'b2fa64a73c5c4d378cac60263d7fc509') in 0.001821 seconds
Start importing Packages/com.autodesk.fbx/ValidationExceptions.json using Guid(5e02e887a439ddc428b157979d1d2095) Importer(-1,00000000000000000000000000000000) [PhysX] Initialized MultithreadedTaskDispatcher with 16 workers.
 -> (artifact id: '5a6b325679351f617f245a01948fa4f0') in 0.001665 seconds
Start importing Packages/com.autodesk.fbx/README.md using Guid(9f155cfe5bc380541a05a1d74e740809) Importer(-1,00000000000000000000000000000000) [PhysX] Initialized MultithreadedTaskDispatcher with 16 workers.
 -> (artifact id: '88ba3bb605d34dc88ec8a0e0426417f2') in 0.001605 seconds
Refreshing native plugins compatible for Editor in 6.88 ms, found 5 plugins.
Preloading 0 native plugins for Editor in 0.00 ms.
Asset Pipeline Refresh (id=cec21db164acacc4887c7953553ff091): Total: 13.782 seconds - Initiated by InitialRefreshV2(ForceSynchronousImport)
	Summary:
		Imports: total=639 (actual=267, local cache=372, cache server=0)
		Asset DB Process Time: managed=93 ms, native=2447 ms
		Asset DB Callback time: managed=632 ms, native=64 ms
		Scripting: domain reloads=1, domain reload time=5641 ms, compile time=4784 ms, other=118 ms
		Project Asset Count: scripts=11603, non-scripts=7605
		Asset File Changes: new=267, changed=267, moved=0, deleted=0
		Scan Filter Count: 0
	InvokeBeforeRefreshCallbacks: 0.282ms
	ApplyChangesToAssetFolders: 0.097ms
	Scan: 108.652ms
	OnSourceAssetsModified: 2.621ms
	GetAllGuidsForCategorization: 3.429ms
	CategorizeAssets: 342.586ms
	ImportOutOfDateAssets: 5423.997ms (-23.180ms without children)
		ImportManagerImport: 614.390ms (208.415ms without children)
			ImportInProcess: 404.957ms
			UpdateCategorizedAssets: 1.019ms
		CompileScripts: 4783.940ms
		ReloadNativeAssets: 0.277ms
		UnloadImportedAssets: 31.165ms
		ReloadImportedAssets: 0.151ms
		EnsureUptoDateAssetsAreRegisteredWithGuidPM: 10.900ms
		InitializingProgressBar: 0.024ms
		PostProcessAllAssetNotificationsAddChangedAssets: 0.006ms
		OnDemandSchedulerStart: 6.323ms
	PostProcessAllAssets: 719.520ms
	Hotreload: 8.317ms
	GatherAllCurrentPrimaryArtifactRevisions: 0.747ms
	UnloadStreamsBegin: 1.401ms
	PersistCurrentRevisions: 3.067ms
	UnloadStreamsEnd: 0.347ms
	GenerateScriptTypeHashes: 12.624ms
	Untracked: 7167.025ms
Application.AssetDatabase Initial Refresh End
Launched and connected shader compiler UnityShaderCompiler.exe after 0.03 seconds
Scanning for USB devices : 3.304ms
Initializing Unity extensions:
[Licensing::Client] Successfully resolved entitlement details
[MODES] ModeService[none].Initialize
[MODES] ModeService[none].LoadModes
[MODES] Loading mode Default (0) for mode-current-id-Jelly Hole: Roll & Eat Pals
GetVirtualKey: Could not map char: z (122) to any virtual key
GetVirtualKey: Could not map char: y (121) to any virtual key
GetVirtualKey: Could not map char: u (117) to any virtual key
GetVirtualKey: Could not map char: a (97) to any virtual key
GetVirtualKey: Could not map char: d (100) to any virtual key
GetVirtualKey: Could not map char: c (99) to any virtual key
GetVirtualKey: Could not map char: r (114) to any virtual key
GetVirtualKey: Could not map char: i (105) to any virtual key
GetVirtualKey: Could not map char: x (120) to any virtual key
GetVirtualKey: Could not map char: c (99) to any virtual key
GetVirtualKey: Could not map char: v (118) to any virtual key
GetVirtualKey: Could not map char: V (86) to any virtual key
GetVirtualKey: Could not map char: d (100) to any virtual key
GetVirtualKey: Could not map char: f (102) to any virtual key
GetVirtualKey: Could not map char: f (102) to any virtual key
GetVirtualKey: Could not map char: f (102) to any virtual key
GetVirtualKey: Could not map char: k (107) to any virtual key
GetVirtualKey: Could not map char: p (112) to any virtual key
GetVirtualKey: Could not map char: p (112) to any virtual key
GetVirtualKey: Could not map char: p (112) to any virtual key
GetVirtualKey: Could not map char: c (99) to any virtual key
GetVirtualKey: Could not map char: r (114) to any virtual key
GetVirtualKey: Could not map char: l (108) to any virtual key
GetVirtualKey: Could not map char: P (80) to any virtual key
GetVirtualKey: Could not map char: n (110) to any virtual key
GetVirtualKey: Could not map char: n (110) to any virtual key
GetVirtualKey: Could not map char: g (103) to any virtual key
GetVirtualKey: Could not map char: f (102) to any virtual key
GetVirtualKey: Could not map char: f (102) to any virtual key
GetVirtualKey: Could not map char: a (97) to any virtual key
GetVirtualKey: Could not map char: a (97) to any virtual key
GetVirtualKey: Could not map char: n (110) to any virtual key
GetVirtualKey: Could not map char: o (111) to any virtual key
GetVirtualKey: Could not map char: s (115) to any virtual key
GetVirtualKey: Could not map char: s (115) to any virtual key
GetVirtualKey: Could not map char: b (98) to any virtual key
GetVirtualKey: Could not map char: b (98) to any virtual key
GetVirtualKey: Could not map char: c (99) to any virtual key
[PhysX] Initialized MultithreadedTaskDispatcher with 16 workers.
ProgressiveSceneManager::Cancel()
Unloading 21 Unused Serialized files (Serialized files now loaded: 0)
Unloading 151 unused Assets / (1.9 MB). Loaded Objects now: 9881.
Memory consumption went from 221.0 MB to 219.1 MB.
Total: 6.124400 ms (FindLiveObjects: 0.553000 ms CreateObjectMapping: 0.321400 ms MarkObjects: 4.424600 ms  DeleteObjects: 0.824900 ms)

GetVirtualKey: Could not map char: z (122) to any virtual key
GetVirtualKey: Could not map char: y (121) to any virtual key
GetVirtualKey: Could not map char: u (117) to any virtual key
GetVirtualKey: Could not map char: a (97) to any virtual key
GetVirtualKey: Could not map char: d (100) to any virtual key
GetVirtualKey: Could not map char: c (99) to any virtual key
GetVirtualKey: Could not map char: r (114) to any virtual key
GetVirtualKey: Could not map char: i (105) to any virtual key
GetVirtualKey: Could not map char: x (120) to any virtual key
GetVirtualKey: Could not map char: c (99) to any virtual key
GetVirtualKey: Could not map char: v (118) to any virtual key
GetVirtualKey: Could not map char: V (86) to any virtual key
GetVirtualKey: Could not map char: d (100) to any virtual key
GetVirtualKey: Could not map char: f (102) to any virtual key
GetVirtualKey: Could not map char: f (102) to any virtual key
GetVirtualKey: Could not map char: f (102) to any virtual key
GetVirtualKey: Could not map char: k (107) to any virtual key
GetVirtualKey: Could not map char: p (112) to any virtual key
GetVirtualKey: Could not map char: p (112) to any virtual key
GetVirtualKey: Could not map char: p (112) to any virtual key
GetVirtualKey: Could not map char: c (99) to any virtual key
GetVirtualKey: Could not map char: r (114) to any virtual key
GetVirtualKey: Could not map char: l (108) to any virtual key
GetVirtualKey: Could not map char: P (80) to any virtual key
GetVirtualKey: Could not map char: n (110) to any virtual key
GetVirtualKey: Could not map char: n (110) to any virtual key
GetVirtualKey: Could not map char: g (103) to any virtual key
GetVirtualKey: Could not map char: f (102) to any virtual key
GetVirtualKey: Could not map char: f (102) to any virtual key
GetVirtualKey: Could not map char: a (97) to any virtual key
GetVirtualKey: Could not map char: a (97) to any virtual key
GetVirtualKey: Could not map char: n (110) to any virtual key
GetVirtualKey: Could not map char: o (111) to any virtual key
GetVirtualKey: Could not map char: s (115) to any virtual key
GetVirtualKey: Could not map char: s (115) to any virtual key
GetVirtualKey: Could not map char: b (98) to any virtual key
GetVirtualKey: Could not map char: b (98) to any virtual key
GetVirtualKey: Could not map char: c (99) to any virtual key
DisplayProgressbar: FBX Export
Start importing Assets/_Project/Art/Models/Collectables/Cannon.fbx using Guid(47bbebd120f90654a9c58cfda265a6ba) Importer(-1,00000000000000000000000000000000) [PhysX] Initialized MultithreadedTaskDispatcher with 16 workers.
 -> (artifact id: 'f40ed3cecd12a1b272d1a5746884c112') in 0.042232 seconds
Refreshing native plugins compatible for Editor in 4.49 ms, found 5 plugins.
Preloading 0 native plugins for Editor in 0.00 ms.
Asset Pipeline Refresh (id=4dc3757ac08e2c04db034654dd47dd9d): Total: 0.143 seconds - Initiated by RefreshV2(NoUpdateAssetOptions)
Successfully exported: Assets/_Project/Art/Models/Collectables/Cannon.fbx
UnityEngine.StackTraceUtility:ExtractStackTrace ()
UnityEngine.DebugLogHandler:LogFormat (UnityEngine.LogType,UnityEngine.Object,string,object[])
UnityEngine.Logger:Log (UnityEngine.LogType,object)
UnityEngine.Debug:Log (object)
UnityEditor.Formats.Fbx.Exporter.ModelExporter:ExportObjects (string,UnityEngine.Object[],UnityEditor.Formats.Fbx.Exporter.IExportOptions,System.Collections.Generic.Dictionary`2<UnityEngine.GameObject, UnityEditor.Formats.Fbx.Exporter.IExportData>) (at ./Library/PackageCache/com.unity.formats.fbx@4.2.1/Editor/FbxExporter.cs:4614)
UnityEditor.Formats.Fbx.Exporter.ModelExporter:ExportObject (string,UnityEngine.Object) (at ./Library/PackageCache/com.unity.formats.fbx@4.2.1/Editor/FbxExporter.cs:4565)
CannonFbxPipelineBatch:Run () (at Assets/Editor/CannonFbxPipelineBatch.cs:33)

(Filename: ./Library/PackageCache/com.unity.formats.fbx@4.2.1/Editor/FbxExporter.cs Line: 4614)

Asset Pipeline Refresh (id=cdf36903bcdec774f854cc8b59576509): Total: 0.006 seconds - Initiated by RefreshV2(NoUpdateAssetOptions)
Start importing Assets/_Project/Develop/Runtime/Features/Collectables/CollectablePfs/Cannon.prefab using Guid(29abad8931614098beeaeab377e1a0fa) Importer(-1,00000000000000000000000000000000) [PhysX] Initialized MultithreadedTaskDispatcher with 16 workers.
[PhysX] Initialized MultithreadedTaskDispatcher with 16 workers.
Problem detected while importing the Prefab file: 'Assets/_Project/Develop/Runtime/Features/Collectables/CollectablePfs/Cannon.prefab'.
The file might be corrupt or have a missing Variant parent or nested Prefabs. See details below.
Errors:
	Nested Prefab problem. Missing Nested Prefab Asset: 'CannonModel (Missing Prefab with guid: 658e8622026e4cd58b6b7e719800df62)'
UnityEngine.StackTraceUtility:ExtractStackTrace ()
CannonFbxPipelineBatch:Run () (at Assets/Editor/CannonFbxPipelineBatch.cs:42)

[Assets/Editor/CannonFbxPipelineBatch.cs line 42]

 -> (artifact id: 'b557af75ddea0e297c83df9e0fca0548') in 0.004182 seconds
Refreshing native plugins compatible for Editor in 4.75 ms, found 5 plugins.
Preloading 0 native plugins for Editor in 0.00 ms.
Asset Pipeline Refresh (id=47d27abd3b54d2c4fb2b97d9d7b45a0b): Total: 0.060 seconds - Initiated by StopAssetImportingV2(NoUpdateAssetOptions)
Start importing Assets/_Project/Art/Prefabs/Collectables/CannonModel.prefab using Guid(658e8622026e4cd58b6b7e719800df62) Importer(-1,00000000000000000000000000000000) [PhysX] Initialized MultithreadedTaskDispatcher with 16 workers.
[PhysX] Initialized MultithreadedTaskDispatcher with 16 workers.
 -> (artifact id: 'e44ddd00a29caa244166003c1541e0ed') in 0.014451 seconds
Start importing Assets/_Project/Develop/Runtime/Features/Collectables/CollectablePfs/Cannon.prefab using Guid(29abad8931614098beeaeab377e1a0fa) Importer(-1,00000000000000000000000000000000) [PhysX] Initialized MultithreadedTaskDispatcher with 16 workers.
[PhysX] Initialized MultithreadedTaskDispatcher with 16 workers.
 -> (artifact id: 'e2d2e1db4305d9bdc7c4af5b01d85018') in 0.002306 seconds
Refreshing native plugins compatible for Editor in 4.65 ms, found 5 plugins.
Preloading 0 native plugins for Editor in 0.00 ms.
Asset Pipeline Refresh (id=ff1aad41e03ac7b4ab37da9606f67f68): Total: 0.067 seconds - Initiated by StopAssetImportingV2(NoUpdateAssetOptions)
[PhysX] Initialized MultithreadedTaskDispatcher with 16 workers.
Loaded scene 'Library/Unused/4079294aa1d08eb4e8423734af0ac46f'
	Deserialize:            0.124 ms
	Integration:            1.206 ms
	Integration of assets:  0.001 ms
	Thread Wait Time:       0.006 ms
	Total Operation Time:   1.337 ms
Start importing Assets/_Project/Develop/Runtime/Features/Collectables/CollectablePfs/Cannon.prefab using Guid(29abad8931614098beeaeab377e1a0fa) Importer(-1,00000000000000000000000000000000) [PhysX] Initialized MultithreadedTaskDispatcher with 16 workers.
[PhysX] Initialized MultithreadedTaskDispatcher with 16 workers.
 -> (artifact id: '48386917bbdbe7951c653446c6aa2341') in 0.003225 seconds
Refreshing native plugins compatible for Editor in 4.67 ms, found 5 plugins.
Preloading 0 native plugins for Editor in 0.00 ms.
Asset Pipeline Refresh (id=c723ce1fe69410b40a3b2f4edb950a10): Total: 0.049 seconds - Initiated by StopAssetImportingV2(NoUpdateAssetOptions)
Refreshing native plugins compatible for Editor in 4.63 ms, found 5 plugins.
Preloading 0 native plugins for Editor in 0.00 ms.
Asset Pipeline Refresh (id=15627f92241050c46ac95e0c5c1c0f35): Total: 0.048 seconds - Initiated by StopAssetImportingV2(NoUpdateAssetOptions)
Asset Pipeline Refresh (id=978550b650e7403418a4ed7b51e67ba9): Total: 0.008 seconds - Initiated by RefreshV2(NoUpdateAssetOptions)
[CannonFbxPipelineBatch] Done
UnityEngine.StackTraceUtility:ExtractStackTrace ()
UnityEngine.DebugLogHandler:LogFormat (UnityEngine.LogType,UnityEngine.Object,string,object[])
UnityEngine.Logger:Log (UnityEngine.LogType,object)
UnityEngine.Debug:Log (object)
CannonFbxPipelineBatch:Run () (at Assets/Editor/CannonFbxPipelineBatch.cs:115)

(Filename: Assets/Editor/CannonFbxPipelineBatch.cs Line: 115)

Batchmode quit successfully invoked - shutting down!
Killing ADB server in 0.1432049 seconds.
[PhysX] Initialized MultithreadedTaskDispatcher with 16 workers.
Input System module state changed to: ShutdownInProgress.
Input System polling thread exited.
Input System module state changed to: Shutdown.
[Licensing::IpcConnector] LicenseClient-Farot-notifications channel disconnected successfully.
[Licensing::IpcConnector] LicenseClient-Farot channel disconnected successfully.
Cleanup mono
abort_threads: Failed aborting id: 0000000000005938, mono_thread_manage will ignore it

abort_threads: Failed aborting id: 0000000000004D30, mono_thread_manage will ignore it

abort_threads: Failed aborting id: 0000000000005938, mono_thread_manage will ignore it

abort_threads: Failed aborting id: 0000000000004D30, mono_thread_manage will ignore it

debugger-agent: Unable to listen on 6696
[usbmuxd] Stop listen thread
[usbmuxd] Listen thread exiting
[Performance] WinEditorMain                                                                                                  :        1 samples, Peak.   641 ms (1.0x), Avg.   641 ms, Total. 641.4 ms (2.6%)
[Performance] WinEditorMain.ConfigureCrashHandler                                                                            :        1 samples, Peak.  17.1 us (1.0x), Avg.  17.1 us, Total. 17.10 us (0.0%)
[Performance] WinEditorMain.CurlRequestInitialize                                                                            :        1 samples, Peak.   293 us (1.0x), Avg.   293 us, Total. 293.1 us (0.0%)
[Performance] WinEditorMain.SetupLogFile                                                                                     :        1 samples, Peak.   119 us (1.0x), Avg.   119 us, Total. 118.9 us (0.0%)
[Performance] WinEditorMain.RunNativeTestsIfRequiredAndExit                                                                  :        1 samples, Peak. 100.0 ns (1.0x), Avg. 100.0 ns, Total. 100.00 ns (0.0%)
[Performance] WinEditorMain.Licensing                                                                                        :        1 samples, Peak.   627 ms (1.0x), Avg.   627 ms, Total. 627.4 ms (2.5%)
[Performance] WinEditorMain.InitializeCrashHandler                                                                           :        1 samples, Peak.  11.7 ms (1.0x), Avg.  11.7 ms, Total. 11.71 ms (0.0%)
[Performance] WinEditorMain.CreateApplication                                                                                :        1 samples, Peak.   262 us (1.0x), Avg.   262 us, Total. 262.4 us (0.0%)
[Performance] Application.InitializeProject                                                                                  :        1 samples, Peak.  20.1 s (1.0x), Avg.  20.1 s, Total. 20.06 s (81.2%)
[Performance] Application.PackageManager.StartServer                                                                         :        1 samples, Peak.   806 us (1.0x), Avg.   806 us, Total. 805.8 us (0.0%)
[Performance] Application.AcquireProjectLock                                                                                 :        1 samples, Peak.  6.44 ms (1.0x), Avg.  6.44 ms, Total. 6.444 ms (0.0%)
[Performance] Application.InitializeEngineNoGraphics                                                                         :        1 samples, Peak.  43.8 ms (1.0x), Avg.  43.8 ms, Total. 43.79 ms (0.2%)
[Performance] Application.PackageManager.Initialize                                                                          :        1 samples, Peak.   260 ms (1.0x), Avg.   260 ms, Total. 260.1 ms (1.1%)
[Performance] Connecting to Package Manager                                                                                  :       27 samples, Peak.  36.1 us (19.9x), Avg.  1.82 us, Total. 49.10 us (0.0%)
[Performance] PackageManager::Api::RunRequestSynchronously                                                                   :       29 samples, Peak.  13.5 us (3.6x), Avg.  3.77 us, Total. 109.2 us (0.0%)
[Performance] Application.EngineGraphics.Initialize                                                                          :        1 samples, Peak.   186 ms (1.0x), Avg.   186 ms, Total. 185.5 ms (0.8%)
[Performance] Application.GI.Initialize                                                                                      :        1 samples, Peak.  2.67 ms (1.0x), Avg.  2.67 ms, Total. 2.670 ms (0.0%)
[Performance] Application.LoadAllDefaultResourcesFromEditor                                                                  :        1 samples, Peak.  1.51 ms (1.0x), Avg.  1.51 ms, Total. 1.510 ms (0.0%)
[Performance] Application.LoadMonoAssemblies                                                                                 :        1 samples, Peak.  2.68 s (1.0x), Avg.  2.68 s, Total. 2.684 s (10.9%)
[Performance] RestoreManagedReferences                                                                                       :        2 samples, Peak.  53.7 ms (2.0x), Avg.  26.8 ms, Total. 53.68 ms (0.2%)
[Performance] InitializeOnLoad DrivenRectTransformUndo                                                                       :        2 samples, Peak.   445 us (1.0x), Avg.   429 us, Total. 857.9 us (0.0%)
[Performance] InitializeOnLoad SceneSearch                                                                                   :        2 samples, Peak.   103 us (1.1x), Avg.  95.6 us, Total. 191.2 us (0.0%)
[Performance] InitializeOnLoad CloudBuild                                                                                    :        2 samples, Peak.  4.30 us (1.1x), Avg.  3.85 us, Total. 7.700 us (0.0%)
[Performance] InitializeOnLoad NativeFormatImporterUtility                                                                   :        2 samples, Peak.  1.88 ms (1.2x), Avg.  1.53 ms, Total. 3.062 ms (0.0%)
[Performance] InitializeOnLoad SearchService                                                                                 :        2 samples, Peak.  87.1 us (1.0x), Avg.  85.5 us, Total. 171.0 us (0.0%)
[Performance] InitializeOnLoad SettingsService                                                                               :        2 samples, Peak.  7.60 us (1.2x), Avg.  6.20 us, Total. 12.40 us (0.0%)
[Performance] InitializeOnLoad WindowLayout                                                                                  :        2 samples, Peak.   190 us (1.0x), Avg.   183 us, Total. 365.5 us (0.0%)
[Performance] InitializeOnLoad AssetStoreContext                                                                             :        2 samples, Peak.  15.3 ms (1.7x), Avg.  9.19 ms, Total. 18.38 ms (0.1%)
[Performance] InitializeOnLoad PoolManager                                                                                   :        2 samples, Peak.   471 us (1.1x), Avg.   438 us, Total. 876.1 us (0.0%)
[Performance] InitializeOnLoad MixerEffectDefinitionReloader                                                                 :        2 samples, Peak.  1.90 ms (1.3x), Avg.  1.49 ms, Total. 2.987 ms (0.0%)
[Performance] InitializeOnLoad ProjectSearch                                                                                 :        2 samples, Peak.  90.4 us (1.3x), Avg.  67.9 us, Total. 135.8 us (0.0%)
[Performance] InitializeOnLoad UISystemProfilerRenderService                                                                 :        2 samples, Peak.  7.50 us (1.1x), Avg.  7.10 us, Total. 14.20 us (0.0%)
[Performance] InitializeOnLoad EditMode                                                                                      :        2 samples, Peak.   673 us (1.4x), Avg.   472 us, Total. 944.0 us (0.0%)
[Performance] InitializeOnLoad UnityConnect                                                                                  :        2 samples, Peak.  49.9 us (1.1x), Avg.  46.5 us, Total. 92.90 us (0.0%)
[Performance] InitializeOnLoad ManagedDebugger                                                                               :        2 samples, Peak.   613 us (1.7x), Avg.   356 us, Total. 711.5 us (0.0%)
[Performance] InitializeOnLoad ShortcutIntegration                                                                           :        2 samples, Peak.  61.8 us (1.2x), Avg.  50.4 us, Total. 100.8 us (0.0%)
[Performance] InitializeOnLoad AddComponentWindow                                                                            :        2 samples, Peak.   119 us (1.2x), Avg.  99.1 us, Total. 198.2 us (0.0%)
[Performance] InitializeOnLoad ManagedDebuggerWindow                                                                         :        2 samples, Peak.   125 us (1.1x), Avg.   110 us, Total. 220.4 us (0.0%)
[Performance] InitializeOnLoad CacheServerWindow                                                                             :        2 samples, Peak.  8.50 us (1.2x), Avg.  7.00 us, Total. 14.00 us (0.0%)
[Performance] InitializeOnLoad PlayModeDownload                                                                              :        2 samples, Peak.  3.62 ms (1.9x), Avg.  1.86 ms, Total. 3.720 ms (0.0%)
[Performance] InitializeOnLoad MenuItems                                                                                     :        2 samples, Peak.  87.7 us (1.2x), Avg.  74.1 us, Total. 148.2 us (0.0%)
[Performance] InitializeOnLoad PrefabInstanceChangedListener                                                                 :        2 samples, Peak.   117 us (1.1x), Avg.   110 us, Total. 220.4 us (0.0%)
[Performance] InitializeOnLoad ObjectSelectorSearch                                                                          :        2 samples, Peak.  37.8 us (1.0x), Avg.  36.9 us, Total. 73.80 us (0.0%)
[Performance] InitializeOnLoad EditorMonitor                                                                                 :        2 samples, Peak.   495 us (1.2x), Avg.   428 us, Total. 856.7 us (0.0%)
[Performance] InitializeOnLoad RetainedMode                                                                                  :        2 samples, Peak.  1.99 ms (1.1x), Avg.  1.84 ms, Total. 3.672 ms (0.0%)
[Performance] InitializeOnLoad EditorShaderLoader                                                                            :        2 samples, Peak.   518 us (1.1x), Avg.   467 us, Total. 934.5 us (0.0%)
[Performance] InitializeOnLoad EditorDelegateRegistration                                                                    :        2 samples, Peak.   369 us (1.1x), Avg.   341 us, Total. 682.2 us (0.0%)
[Performance] InitializeOnLoad UIDocumentHierarchyWatcher                                                                    :        2 samples, Peak.  61.0 us (1.0x), Avg.  58.5 us, Total. 117.1 us (0.0%)
[Performance] InitializeOnLoad LiveReloadTrackerCreator                                                                      :        2 samples, Peak.   139 us (1.2x), Avg.   119 us, Total. 237.2 us (0.0%)
[Performance] InitializeOnLoad UxmlObjectEditorFactories                                                                     :        2 samples, Peak.   362 us (1.1x), Avg.   337 us, Total. 674.9 us (0.0%)
[Performance] InitializeOnLoad UXMLEditorFactories                                                                           :        2 samples, Peak.  44.1 ms (1.0x), Avg.  43.5 ms, Total. 87.01 ms (0.4%)
[Performance] InitializeOnLoad PurchasingService                                                                             :        2 samples, Peak.  5.41 ms (1.7x), Avg.  3.23 ms, Total. 6.462 ms (0.0%)
[Performance] InitializeOnLoad CloudBuildPoller                                                                              :        2 samples, Peak.  95.4 us (1.0x), Avg.  94.1 us, Total. 188.2 us (0.0%)
[Performance] InitializeOnLoad EditorGameServicesAnalytics                                                                   :        2 samples, Peak.  1.09 ms (1.6x), Avg.   694 us, Total. 1.388 ms (0.0%)
[Performance] InitializeOnLoad AnalyticsService                                                                              :        2 samples, Peak.   138 us (1.0x), Avg.   133 us, Total. 266.7 us (0.0%)
[Performance] InitializeOnLoad BuildService                                                                                  :        2 samples, Peak.   115 us (1.0x), Avg.   113 us, Total. 225.7 us (0.0%)
[Performance] InitializeOnLoad AdsService                                                                                    :        2 samples, Peak.   286 us (1.0x), Avg.   286 us, Total. 572.1 us (0.0%)
[Performance] InitializeOnLoad UDPService                                                                                    :        2 samples, Peak.   121 us (1.0x), Avg.   120 us, Total. 239.1 us (0.0%)
[Performance] InitializeOnLoad CrashService                                                                                  :        2 samples, Peak.   112 us (1.0x), Avg.   110 us, Total. 219.4 us (0.0%)
[Performance] InitializeOnLoad ServicesRepository                                                                            :        2 samples, Peak.   800 ns (1.1x), Avg.   700 ns, Total. 1.400 us (0.0%)
[Performance] InitializeOnLoad SearchWindow                                                                                  :        2 samples, Peak.   110 us (1.1x), Avg.  97.9 us, Total. 195.7 us (0.0%)
[Performance] InitializeOnLoad CustomIndexers                                                                                :        2 samples, Peak.  14.0 ms (1.1x), Avg.  12.7 ms, Total. 25.44 ms (0.1%)
[Performance] InitializeOnLoad SearchMonitor                                                                                 :        2 samples, Peak.   739 us (1.0x), Avg.   705 us, Total. 1.409 ms (0.0%)
[Performance] InitializeOnLoad ParameterControllerEditor                                                                     :        2 samples, Peak.  14.3 us (1.0x), Avg.  14.2 us, Total. 28.40 us (0.0%)
[Performance] InitializeOnLoad LayerSettingsWindow                                                                           :        2 samples, Peak.  23.5 us (1.7x), Avg.  13.7 us, Total. 27.40 us (0.0%)
[Performance] InitializeOnLoad PackageManagerHookGUIDConverter.RegisterPackagesEventHandler                                  :        2 samples, Peak.   695 us (1.6x), Avg.   439 us, Total. 877.2 us (0.0%)
[Performance] InitializeOnLoad EditorDragAndDrop.RegisterEditorClient                                                        :        2 samples, Peak.   464 us (1.3x), Avg.   347 us, Total. 693.7 us (0.0%)
[Performance] InitializeOnLoad EditorEventCallbacks.InitializeFontAssetResourceChangeCallBacks                               :        2 samples, Peak.  1.28 ms (1.2x), Avg.  1.11 ms, Total. 2.220 ms (0.0%)
[Performance] InitializeOnLoad SceneTemplateService.Init                                                                     :        2 samples, Peak.  1.60 ms (1.3x), Avg.  1.27 ms, Total. 2.536 ms (0.0%)
[Performance] InitializeOnLoad DiagnosticSwitchesConsoleMessage.Init                                                         :        2 samples, Peak.  5.83 ms (1.8x), Avg.  3.26 ms, Total. 6.511 ms (0.0%)
[Performance] InitializeOnLoad PackageManagerWindow.EditorInitializedInSafeMode                                              :        2 samples, Peak.  19.4 ms (2.0x), Avg.  9.89 ms, Total. 19.78 ms (0.1%)
[Performance] InitializeOnLoad ToolShortcutContext.Init                                                                      :        2 samples, Peak.   255 us (1.4x), Avg.   185 us, Total. 369.4 us (0.0%)
[Performance] InitializeOnLoad MemoryProfilerCompilationGuard.InjectCompileGuard                                             :        2 samples, Peak.   137 us (1.0x), Avg.   133 us, Total. 265.3 us (0.0%)
[Performance] InitializeOnLoad AssetPostprocessingInternal.RefreshCustomDependencies                                         :        2 samples, Peak.  3.66 ms (1.2x), Avg.  3.03 ms, Total. 6.053 ms (0.0%)
[Performance] InitializeOnLoad SysrootManager.Initialize                                                                     :        2 samples, Peak.   936 us (1.5x), Avg.   641 us, Total. 1.283 ms (0.0%)
[Performance] InitializeOnLoad ScopedRegistryAddedPopup.SubscribeToRegistriesAdded                                           :        2 samples, Peak.  11.4 ms (2.0x), Avg.  5.73 ms, Total. 11.46 ms (0.0%)
[Performance] InitializeOnLoad SceneVisibilityManager.Initialize                                                             :        2 samples, Peak.  2.67 ms (1.3x), Avg.  2.00 ms, Total. 3.995 ms (0.0%)
[Performance] InitializeOnLoad EditorWindow.Initialize                                                                       :        2 samples, Peak.   473 us (1.4x), Avg.   332 us, Total. 663.4 us (0.0%)
[Performance] AssemblyReloadEvents.afterAssemblyReload: UnityEditor.SceneTemplate.SceneTemplateService.AfterAssemblyReload   :        2 samples, Peak.  4.03 ms (1.9x), Avg.  2.13 ms, Total. 4.260 ms (0.0%)
[Performance] ProcessService.EditorAfterLoadAllAssemblies                                                                    :        2 samples, Peak.   341 us (1.3x), Avg.   271 us, Total. 542.1 us (0.0%)
[Performance] Application.ReadLicenseInfo                                                                                    :        1 samples, Peak.  22.9 ms (1.0x), Avg.  22.9 ms, Total. 22.90 ms (0.1%)
[Performance] Application.InitialRefresh                                                                                     :        1 samples, Peak.  13.8 s (1.0x), Avg.  13.8 s, Total. 13.79 s (55.8%)
[Performance] ShaderImporter.SourceAssetModified                                                                             :        7 samples, Peak.  3.50 us (2.6x), Avg.  1.33 us, Total. 9.300 us (0.0%)
[Performance] ShaderIncludeImporter.SourceAssetModified                                                                      :        7 samples, Peak.  7.20 us (3.1x), Avg.  2.31 us, Total. 16.20 us (0.0%)
[Performance] Compiling Scripts                                                                                              :        1 samples, Peak.  4.78 s (1.0x), Avg.  4.78 s, Total. 4.783 s (19.3%)
[Performance] AssemblyReloadEvents.beforeAssemblyReload: UnityEditor.SceneTemplate.SceneTemplateService.BeforeAssemblyReload :        1 samples, Peak.   404 us (1.0x), Avg.   404 us, Total. 403.6 us (0.0%)
[Performance] PresetManagerPostProcessor.OnPreprocessAsset                                                                   :      273 samples, Peak.  1.00 ms (59.6x), Avg.  16.8 us, Total. 4.586 ms (0.0%)
[Performance] NugetAssetPostprocessor.OnPreprocessAsset                                                                      :      273 samples, Peak.  64.8 ms (231.8x), Avg.   279 us, Total. 76.29 ms (0.3%)
[Performance] CancelSplashScreenOnAssetChange.OnPreprocessAsset                                                              :      273 samples, Peak.   139 us (41.2x), Avg.  3.37 us, Total. 919.5 us (0.0%)
[Performance] ShaderGraphAssetPostProcessor.OnPreprocessAsset                                                                :      273 samples, Peak.   152 us (27.0x), Avg.  5.65 us, Total. 1.542 ms (0.0%)
[Performance] InitializeOnLoad RegisterCheckSceneDupeDependencies                                                            :        1 samples, Peak.   894 us (1.0x), Avg.   894 us, Total. 894.4 us (0.0%)
[Performance] InitializeOnLoad GlobalInitialization                                                                          :        1 samples, Peak.   295 us (1.0x), Avg.   295 us, Total. 294.6 us (0.0%)
[Performance] InitializeOnLoad AddressableEditorInitialization                                                               :        1 samples, Peak.   130 ms (1.0x), Avg.   130 ms, Total. 129.5 ms (0.5%)
[Performance] InitializeOnLoad RegisterCheckResourcesDupeDependencies                                                        :        1 samples, Peak.   125 us (1.0x), Avg.   125 us, Total. 124.5 us (0.0%)
[Performance] InitializeOnLoad RegisterBuildBundleLayout                                                                     :        1 samples, Peak.  74.9 us (1.0x), Avg.  74.9 us, Total. 74.90 us (0.0%)
[Performance] InitializeOnLoad GroupsPopupWindow                                                                             :        1 samples, Peak.  4.70 us (1.0x), Avg.  4.70 us, Total. 4.700 us (0.0%)
[Performance] InitializeOnLoad RegisterCheckBundleDupeDependencies                                                           :        1 samples, Peak.   115 us (1.0x), Avg.   115 us, Total. 114.9 us (0.0%)
[Performance] InitializeOnLoad AddressableAssetInspectorGUI                                                                  :        1 samples, Peak.  17.0 ms (1.0x), Avg.  17.0 ms, Total. 16.97 ms (0.1%)
[Performance] EditorResources.Load                                                                                           :        9 samples, Peak.  13.8 ms (8.9x), Avg.  1.56 ms, Total. 14.02 ms (0.1%)
[Performance] InitializeOnLoad InputSystem                                                                                   :        1 samples, Peak.  37.3 ms (1.0x), Avg.  37.3 ms, Total. 37.25 ms (0.2%)
[Performance] InitializeOnLoad EnableUITKEditor                                                                              :        1 samples, Peak.  25.7 us (1.0x), Avg.  25.7 us, Total. 25.70 us (0.0%)
[Performance] InitializeOnLoad TouchSimulation                                                                               :        1 samples, Peak.   109 us (1.0x), Avg.   109 us, Total. 109.2 us (0.0%)
[Performance] InitializeOnLoad InputSystemUIInputModuleEditor                                                                :        1 samples, Peak.  84.0 us (1.0x), Avg.  84.0 us, Total. 84.00 us (0.0%)
[Performance] InitializeOnLoad BurstLoader                                                                                   :        1 samples, Peak.  3.57 s (1.0x), Avg.  3.57 s, Total. 3.566 s (14.4%)
[Performance] InitializeOnLoad ShadowCasterGroup2DManager                                                                    :        1 samples, Peak.   496 us (1.0x), Avg.   496 us, Total. 496.1 us (0.0%)
[Performance] InitializeOnLoad UnityProviderInitializer                                                                      :        1 samples, Peak.  1.33 ms (1.0x), Avg.  1.33 ms, Total. 1.329 ms (0.0%)
[Performance] InitializeOnLoad RegisterSceneToAssetNoUnityBuildInAnalyzeRule                                                 :        1 samples, Peak.   216 us (1.0x), Avg.   216 us, Total. 216.3 us (0.0%)
[Performance] InitializeOnLoad SceneSwitchLeftButton                                                                         :        1 samples, Peak.   403 us (1.0x), Avg.   403 us, Total. 402.7 us (0.0%)
[Performance] InitializeOnLoad ToolbarExtender                                                                               :        1 samples, Peak.   900 ns (1.0x), Avg.   900 ns, Total. 900.0 ns (0.0%)
[Performance] InitializeOnLoad UltimateJoystickReadmeEditor                                                                  :        1 samples, Peak.   102 ms (1.0x), Avg.   102 ms, Total. 101.6 ms (0.4%)
[Performance] InitializeOnLoad PrefColorBridge                                                                               :        1 samples, Peak.   648 us (1.0x), Avg.   648 us, Total. 648.1 us (0.0%)
[Performance] InitializeOnLoad DrivenPropertyDrawer                                                                          :        1 samples, Peak.   270 us (1.0x), Avg.   270 us, Total. 270.1 us (0.0%)
[Performance] InitializeOnLoad LocaleAnalyzeRule                                                                             :        1 samples, Peak.   140 us (1.0x), Avg.   140 us, Total. 140.0 us (0.0%)
[Performance] InitializeOnLoad LocalizeComponent                                                                             :        1 samples, Peak.  1.78 ms (1.0x), Avg.  1.78 ms, Total. 1.782 ms (0.0%)
[Performance] InitializeOnLoad StringTableAnalyzeRule                                                                        :        1 samples, Peak.   296 us (1.0x), Avg.   296 us, Total. 296.1 us (0.0%)
[Performance] InitializeOnLoad LocalizeComponent_UGUI                                                                        :        1 samples, Peak.   272 us (1.0x), Avg.   272 us, Total. 272.3 us (0.0%)
[Performance] InitializeOnLoad LocalizeComponent_TMPro                                                                       :        1 samples, Peak.   102 us (1.0x), Avg.   102 us, Total. 102.4 us (0.0%)
[Performance] InitializeOnLoad AssetTableAnalyzeRule                                                                         :        1 samples, Peak.   126 us (1.0x), Avg.   126 us, Total. 126.2 us (0.0%)
[Performance] InitializeOnLoad ContextualPropertyMenu                                                                        :        1 samples, Peak.   146 us (1.0x), Avg.   146 us, Total. 146.1 us (0.0%)
[Performance] InitializeOnLoad ScenePropertyTracker                                                                          :        1 samples, Peak.  99.3 us (1.0x), Avg.  99.3 us, Total. 99.30 us (0.0%)
[Performance] InitializeOnLoad GameViewLanguageMenu                                                                          :        1 samples, Peak.   415 us (1.0x), Avg.   415 us, Total. 414.7 us (0.0%)
[Performance] InitializeOnLoad BackgroundWatcher                                                                             :        1 samples, Peak.   100 us (1.0x), Avg.   100 us, Total. 100.4 us (0.0%)
[Performance] InitializeOnLoad UnityTestProtocolStarter                                                                      :        1 samples, Peak.   138 us (1.0x), Avg.   138 us, Total. 137.8 us (0.0%)
[Performance] InitializeOnLoad TestStarter                                                                                   :        1 samples, Peak.   551 us (1.0x), Avg.   551 us, Total. 550.8 us (0.0%)
[Performance] InitializeOnLoad RerunCallbackInitializer                                                                      :        1 samples, Peak.  2.41 ms (1.0x), Avg.  2.41 ms, Total. 2.407 ms (0.0%)
[Performance] InitializeOnLoad RiderScriptEditor                                                                             :        1 samples, Peak.  5.93 ms (1.0x), Avg.  5.93 ms, Total. 5.931 ms (0.0%)
[Performance] InitializeOnLoad CallbackInitializer                                                                           :        1 samples, Peak.  1.10 ms (1.0x), Avg.  1.10 ms, Total. 1.102 ms (0.0%)
[Performance] InitializeOnLoad ProbeGIBaking                                                                                 :        1 samples, Peak.  2.01 ms (1.0x), Avg.  2.01 ms, Total. 2.015 ms (0.0%)
[Performance] InitializeOnLoad FilterWindow                                                                                  :        1 samples, Peak.  38.1 us (1.0x), Avg.  38.1 us, Total. 38.10 us (0.0%)
[Performance] InitializeOnLoad RealtimeProbeSubdivisionDebug                                                                 :        1 samples, Peak.   287 us (1.0x), Avg.   287 us, Total. 286.5 us (0.0%)
[Performance] InitializeOnLoad SpriteEditorWindow                                                                            :        1 samples, Peak.   377 us (1.0x), Avg.   377 us, Total. 377.4 us (0.0%)
[Performance] InitializeOnLoad SplineExtrudeUtility                                                                          :        1 samples, Peak.   257 us (1.0x), Avg.   257 us, Total. 257.3 us (0.0%)
[Performance] InitializeOnLoad SplineDataReorderableListUtility                                                              :        1 samples, Peak.   161 us (1.0x), Avg.   161 us, Total. 161.3 us (0.0%)
[Performance] InitializeOnLoad PlasticPlugin                                                                                 :        1 samples, Peak.  12.7 ms (1.0x), Avg.  12.7 ms, Total. 12.68 ms (0.1%)
[Performance] InitializeOnLoad ToolbarBootstrap                                                                              :        1 samples, Peak.  58.7 ms (1.0x), Avg.  58.7 ms, Total. 58.74 ms (0.2%)
[Performance] InitializeOnLoad PrefabLayoutRebuilder                                                                         :        1 samples, Peak.   199 us (1.0x), Avg.   199 us, Total. 199.0 us (0.0%)
[Performance] InitializeOnLoad VSCodeScriptEditor                                                                            :        1 samples, Peak.  3.32 ms (1.0x), Avg.  3.32 ms, Total. 3.317 ms (0.0%)
[Performance] InitializeOnLoad NodeClassCache                                                                                :        1 samples, Peak.  5.60 us (1.0x), Avg.  5.60 us, Total. 5.600 us (0.0%)
[Performance] InitializeOnLoad ShaderGraphMaterialsUpdater                                                                   :        2 samples, Peak.   290 us (1.6x), Avg.   181 us, Total. 362.7 us (0.0%)
[Performance] InitializeOnLoad Renderer2DAnalytics                                                                           :        1 samples, Peak.  81.2 us (1.0x), Avg.  81.2 us, Total. 81.20 us (0.0%)
[Performance] InitializeOnLoad EditorToolManager                                                                             :        1 samples, Peak.  1.31 ms (1.0x), Avg.  1.31 ms, Total. 1.315 ms (0.0%)
[Performance] InitializeOnLoad OnLoadNugetPackageRestorer                                                                    :        1 samples, Peak.  20.5 ms (1.0x), Avg.  20.5 ms, Total. 20.49 ms (0.1%)
[Performance] InitializeOnLoad VSUsageUtility                                                                                :        1 samples, Peak.   186 ms (1.0x), Avg.   186 ms, Total. 186.2 ms (0.8%)
[Performance] InitializeOnLoad VisualStudioIntegration                                                                       :        1 samples, Peak.  13.6 ms (1.0x), Avg.  13.6 ms, Total. 13.62 ms (0.1%)
[Performance] InitializeOnLoad VisualStudioEditor                                                                            :        1 samples, Peak.  2.80 us (1.0x), Avg.  2.80 us, Total. 2.800 us (0.0%)
[Performance] InitializeOnLoad TestRunnerApiListener                                                                         :        1 samples, Peak.   701 us (1.0x), Avg.   701 us, Total. 700.6 us (0.0%)
[Performance] InitializeOnLoad PlayerLoopHelper.InitOnEditor                                                                 :        2 samples, Peak.  4.44 ms (1.4x), Avg.  3.15 ms, Total. 6.295 ms (0.0%)
[Performance] InitializeOnLoad SysrootPackage.IssueWarningIfLinuxIL2CPPNotPresent                                            :        1 samples, Peak.   196 us (1.0x), Avg.   196 us, Total. 195.8 us (0.0%)
[Performance] InitializeOnLoad ProfileDataSourceSettings.InitializeCloudEnvironment                                          :        1 samples, Peak.   260 us (1.0x), Avg.   260 us, Total. 259.8 us (0.0%)
[Performance] InitializeOnLoad AddressableAssetSettings.CheckCCDStatus                                                       :        1 samples, Peak.   142 us (1.0x), Avg.   142 us, Total. 142.4 us (0.0%)
[Performance] InitializeOnLoad AddressablesBuildScriptHooks.Init                                                             :        1 samples, Peak.  88.4 us (1.0x), Avg.  88.4 us, Total. 88.40 us (0.0%)
[Performance] InitializeOnLoad AddressableAssetSettings.RegisterWithAssetPostProcessor                                       :        1 samples, Peak.   858 us (1.0x), Avg.   858 us, Total. 858.5 us (0.0%)
[Performance] InitializeOnLoad AddressablesPlayerBuildProcessor.CleanTemporaryPlayerBuildData                                :        1 samples, Peak.  1.75 ms (1.0x), Avg.  1.75 ms, Total. 1.755 ms (0.0%)
[Performance] InitializeOnLoad InputSystemPackageControl.SubscribePackageManagerEvent                                        :        1 samples, Peak.   129 us (1.0x), Avg.   129 us, Total. 128.6 us (0.0%)
[Performance] InitializeOnLoad InputSystemPluginControl.CheckForExtension                                                    :        1 samples, Peak.  2.12 ms (1.0x), Avg.  2.12 ms, Total. 2.121 ms (0.0%)
[Performance] InitializeOnLoad TCP2_Upgrader.OnLoad                                                                          :        1 samples, Peak.  1.45 ms (1.0x), Avg.  1.45 ms, Total. 1.451 ms (0.0%)
[Performance] InitializeOnLoad MaterialReimporter.RegisterUpgraderReimport                                                   :        2 samples, Peak.   378 us (1.7x), Avg.   218 us, Total. 435.1 us (0.0%)
[Performance] InitializeOnLoad VisualStudioEditor.LegacyVisualStudioCodePackageDisabler                                      :        1 samples, Peak.  2.20 ms (1.0x), Avg.  2.20 ms, Total. 2.199 ms (0.0%)
[Performance] InitializeOnLoad GUIClipProxy.Setup                                                                            :        1 samples, Peak.  1.53 ms (1.0x), Avg.  1.53 ms, Total. 1.526 ms (0.0%)
[Performance] InitializeOnLoad TextAnimatorSetupWindow.TryShowingWindowOnLoad                                                :        1 samples, Peak.   373 us (1.0x), Avg.   373 us, Total. 373.4 us (0.0%)
[Performance] InitializeOnLoad $BurstDirectCallInitializer.Initialize                                                        :        1 samples, Peak.  10.2 ms (1.0x), Avg.  10.2 ms, Total. 10.19 ms (0.0%)
[Performance] InitializeOnLoad UnityMainThreadDispatcher.Initialize                                                          :        1 samples, Peak.   474 us (1.0x), Avg.   474 us, Total. 474.1 us (0.0%)
[Performance] InitializeOnLoad UIParticleUpdater.InitializeOnLoad                                                            :        1 samples, Peak.   904 us (1.0x), Avg.   904 us, Total. 903.9 us (0.0%)
[Performance] InitializeOnLoad UISoftMaskProjectSettings.InitializeOnLoadMethod                                              :        1 samples, Peak.  2.04 ms (1.0x), Avg.  2.04 ms, Total. 2.041 ms (0.0%)
[Performance] InitializeOnLoad SoftMaskUtils.InitializeOnLoadMethod                                                          :        1 samples, Peak.  6.69 ms (1.0x), Avg.  6.69 ms, Total. 6.692 ms (0.0%)
[Performance] InitializeOnLoad UIExtraCallbacks.InitializeOnLoad                                                             :        1 samples, Peak.   373 us (1.0x), Avg.   373 us, Total. 373.0 us (0.0%)
[Performance] InitializeOnLoad SplineCacheUtility.Initialize                                                                 :        1 samples, Peak.  1.54 ms (1.0x), Avg.  1.54 ms, Total. 1.544 ms (0.0%)
[Performance] InitializeOnLoad TestJobDataHolder.ResumeRunningJobs                                                           :        1 samples, Peak.  1.56 ms (1.0x), Avg.  1.56 ms, Total. 1.557 ms (0.0%)
[Performance] InitializeOnLoad AnalyticsReporter.RegisterCallbacks                                                           :        1 samples, Peak.   768 us (1.0x), Avg.   768 us, Total. 768.5 us (0.0%)
[Performance] InitializeOnLoad DebugManagerWindowLifetimeAnalytic.SubscribeToDebugManagerOpenCloseWindows                    :        1 samples, Peak.   676 us (1.0x), Avg.   676 us, Total. 675.9 us (0.0%)
[Performance] InitializeOnLoad CoreRenderPipelinePreferences.InitPreferenceProviders                                         :        1 samples, Peak.  49.5 ms (1.0x), Avg.  49.5 ms, Total. 49.48 ms (0.2%)
[Performance] InitializeOnLoad VolumeGizmoDrawer.InitVolumeGizmoCallbacks                                                    :        1 samples, Peak.   489 us (1.0x), Avg.   489 us, Total. 488.6 us (0.0%)
[Performance] InitializeOnLoad Addressables.RegisterPlayModeStateChange                                                      :        1 samples, Peak.  98.1 us (1.0x), Avg.  98.1 us, Total. 98.10 us (0.0%)
[Performance] InitializeOnLoad AssetReference.RegisterForPlaymodeChange                                                      :        1 samples, Peak.   680 us (1.0x), Avg.   680 us, Total. 680.2 us (0.0%)
[Performance] InitializeOnLoad SceneViewUIObjectPickerContextWindow.OnSceneViewGUI                                           :        1 samples, Peak.   536 us (1.0x), Avg.   536 us, Total. 536.4 us (0.0%)
[Performance] DidReloadScriptsAdvancedDropdownWindow.OnScriptReload                                                          :        2 samples, Peak.   398 us (1.1x), Avg.   375 us, Total. 749.5 us (0.0%)
[Performance] DidReloadScriptsTestRunnerWindow.CompilationCallback                                                           :        1 samples, Peak.   322 us (1.0x), Avg.   322 us, Total. 321.8 us (0.0%)
[Performance] DidReloadScriptsTestListCache.ScriptReloaded                                                                   :        1 samples, Peak.  3.22 ms (1.0x), Avg.  3.22 ms, Total. 3.215 ms (0.0%)
[Performance] DidReloadScriptsLookDev.OnEditorReload                                                                         :        1 samples, Peak.   428 us (1.0x), Avg.   428 us, Total. 427.5 us (0.0%)
[Performance] DidReloadScriptsDebugWindow.OnEditorReload                                                                     :        1 samples, Peak.  6.87 ms (1.0x), Avg.  6.87 ms, Total. 6.869 ms (0.0%)
[Performance] DidReloadScriptsVolumeComponentEditor.OnEditorReload                                                           :        1 samples, Peak.  26.7 ms (1.0x), Avg.  26.7 ms, Total. 26.65 ms (0.1%)
[Performance] AssetDatabase.ImportAssets                                                                                     :        6 samples, Peak.  1.00 us (1.7x), Avg.   600 ns, Total. 3.600 us (0.0%)
[Performance] VersionControl.Task.Wait                                                                                       :        1 samples, Peak.  16.1 us (1.0x), Avg.  16.1 us, Total. 16.10 us (0.0%)
[Performance] Postprocessor.OnPostprocessAllAssets                                                                           :       24 samples, Peak.  7.54 ms (10.4x), Avg.   724 us, Total. 17.37 ms (0.1%)
[Performance] CgincPathSync.OnPostprocessAllAssets                                                                           :       12 samples, Peak.  32.5 ms (3.5x), Avg.  9.21 ms, Total. 110.5 ms (0.4%)
[Performance] NugetAssetPostprocessor.OnPostprocessAllAssets                                                                 :       12 samples, Peak.  13.0 ms (5.6x), Avg.  2.32 ms, Total. 27.85 ms (0.1%)
[Performance] TMPro_TexturePostProcessor.OnPostprocessAllAssets                                                              :       12 samples, Peak.   635 us (4.8x), Avg.   133 us, Total. 1.601 ms (0.0%)
[Performance] TCP2_ShaderPostProcessor.OnPostprocessAllAssets                                                                :       12 samples, Peak.  6.57 ms (5.9x), Avg.  1.12 ms, Total. 13.43 ms (0.1%)
[Performance] AssetPostprocessor.OnPostprocessAllAssets                                                                      :       12 samples, Peak.  1.31 ms (6.0x), Avg.   220 us, Total. 2.643 ms (0.0%)
[Performance] BuilderAssetPostprocessor.OnPostprocessAllAssets                                                               :       12 samples, Peak.  23.5 ms (5.9x), Avg.  3.97 ms, Total. 47.63 ms (0.2%)
[Performance] AddressablesAssetPostProcessor.OnPostprocessAllAssets                                                          :       12 samples, Peak.  10.0 ms (3.4x), Avg.  2.91 ms, Total. 34.90 ms (0.1%)
[Performance] ArtifactBrowserPostProcessor.OnPostprocessAllAssets                                                            :       12 samples, Peak.   750 us (5.8x), Avg.   129 us, Total. 1.544 ms (0.0%)
[Performance] AssetEvents.OnPostprocessAllAssets                                                                             :       24 samples, Peak.   357 us (7.4x), Avg.  48.5 us, Total. 1.164 ms (0.0%)
[Performance] AudioMixerPostprocessor.OnPostprocessAllAssets                                                                 :       12 samples, Peak.   571 us (5.9x), Avg.  96.8 us, Total. 1.161 ms (0.0%)
[Performance] StyleCatalogPostProcessor.OnPostprocessAllAssets                                                               :       12 samples, Peak.  71.3 ms (6.0x), Avg.  11.9 ms, Total. 142.8 ms (0.6%)
[Performance] BuildCatalog                                                                                                   :        1 samples, Peak.  70.0 ms (1.0x), Avg.  70.0 ms, Total. 69.97 ms (0.3%)
[Performance] ModelImporterPostProcessor.OnPostprocessAllAssets                                                              :       12 samples, Peak.  2.51 ms (3.2x), Avg.   782 us, Total. 9.390 ms (0.0%)
[Performance] MaterialPostprocessor.OnPostprocessAllAssets                                                                   :       24 samples, Peak.  12.8 ms (7.8x), Avg.  1.65 ms, Total. 39.52 ms (0.2%)
[Performance] UniversalRenderPipelineGlobalSettingsPostprocessor.OnPostprocessAllAssets                                      :       12 samples, Peak.  1.80 ms (5.9x), Avg.   304 us, Total. 3.646 ms (0.0%)
[Performance] RetainedModeAssetPostprocessor.OnPostprocessAllAssets                                                          :       12 samples, Peak.  3.54 ms (5.7x), Avg.   626 us, Total. 7.515 ms (0.0%)
[Performance] AssetChangedListener.OnPostprocessAllAssets                                                                    :       12 samples, Peak.  3.59 ms (5.1x), Avg.   705 us, Total. 8.464 ms (0.0%)
[Performance] PostProcessor.OnPostprocessAllAssets                                                                           :       12 samples, Peak.  6.44 ms (5.8x), Avg.  1.10 ms, Total. 13.24 ms (0.1%)
[Performance] ShaderGraphAssetPostProcessor.OnPostprocessAllAssets                                                           :       12 samples, Peak.  27.5 ms (5.7x), Avg.  4.82 ms, Total. 57.87 ms (0.2%)
[Performance] SpeedTreePostProcessor.OnPostprocessAllAssets                                                                  :       12 samples, Peak.  3.63 ms (5.8x), Avg.   630 us, Total. 7.557 ms (0.0%)
[Performance] TextAssetPostProcessor.OnPostprocessAllAssets                                                                  :       12 samples, Peak.  1.45 ms (5.7x), Avg.   254 us, Total. 3.044 ms (0.0%)
[Performance] SpriteEditorTexturePostprocessor.OnPostprocessAllAssets                                                        :       12 samples, Peak.   369 us (3.4x), Avg.   108 us, Total. 1.300 ms (0.0%)
[Performance] AssetPathToTypes.OnPostprocessAllAssets                                                                        :       12 samples, Peak.   329 us (5.0x), Avg.  65.2 us, Total. 782.7 us (0.0%)
[Performance] InputActionAssetPostprocessor.OnPostprocessAllAssets                                                           :       12 samples, Peak.  3.70 ms (5.8x), Avg.   634 us, Total. 7.606 ms (0.0%)
[Performance] InputActionJsonNameModifierAssetProcessor.OnPostprocessAllAssets                                               :       12 samples, Peak.  6.11 ms (5.9x), Avg.  1.03 ms, Total. 12.36 ms (0.0%)
[Performance] ProjectSettingsPostprocessor.OnPostprocessAllAssets                                                            :       12 samples, Peak.   398 us (5.4x), Avg.  74.1 us, Total. 889.2 us (0.0%)
[Performance] LocalizationAssetPostProcessor.OnPostprocessAllAssets                                                          :       12 samples, Peak.  15.9 ms (5.9x), Avg.  2.69 ms, Total. 32.30 ms (0.1%)
[Performance] SyncVS.PostprocessSyncProject                                                                                  :        6 samples, Peak.   383 ms (6.0x), Avg.  64.1 ms, Total. 384.4 ms (1.6%)
[Performance] EditorApplication.projectChanged: UnityEditor.Audio.MixerEffectDefinitionReloader.OnProjectChanged             :        5 samples, Peak.   852 us (1.6x), Avg.   549 us, Total. 2.745 ms (0.0%)
[Performance] EditorApplication.projectChanged: UnityEngine.InputSystem.LowLevel.NativeInputRuntime.OnProjectChanged         :        5 samples, Peak.   192 us (4.7x), Avg.  40.7 us, Total. 203.5 us (0.0%)
[Performance] Application.ImportPackagesAndSetTemplateWhenCreatingProject                                                    :        1 samples, Peak.  14.3 ms (1.0x), Avg.  14.3 ms, Total. 14.35 ms (0.1%)
[Performance] Application.SyncCurrentColorSpace                                                                              :        1 samples, Peak.   118 ms (1.0x), Avg.   118 ms, Total. 117.9 ms (0.5%)
[Performance] Application.OnUsbDevicesChanged                                                                                :        1 samples, Peak.  3.34 ms (1.0x), Avg.  3.34 ms, Total. 3.343 ms (0.0%)
[Performance] Application.AssetInstanceCacheUpdate                                                                           :        1 samples, Peak.  1.10 us (1.0x), Avg.  1.10 us, Total. 1.100 us (0.0%)
[Performance] Application.UnityExtensions.Initialize                                                                         :        1 samples, Peak.  7.89 ms (1.0x), Avg.  7.89 ms, Total. 7.892 ms (0.0%)
[Performance] CodeEditorProjectSync.SyncEditorProject                                                                        :        1 samples, Peak.   741 ms (1.0x), Avg.   741 ms, Total. 741.0 ms (3.0%)
[Performance] Application.ExecuteStartups                                                                                    :        1 samples, Peak.  62.5 ms (1.0x), Avg.  62.5 ms, Total. 62.48 ms (0.3%)
[Performance] Menu.RegisterMenuInterface                                                                                     :       26 samples, Peak.  1.60 us (8.3x), Avg.   192 ns, Total. 5.000 us (0.0%)
[Performance] Gizmo.RebuildRenderers                                                                                         :        1 samples, Peak.  59.5 ms (1.0x), Avg.  59.5 ms, Total. 59.54 ms (0.2%)
[Performance] Gizmo.AddGizmoRenderers                                                                                        :      170 samples, Peak.  1.07 ms (68.1x), Avg.  15.7 us, Total. 2.667 ms (0.0%)
[Performance] Application.editorInitializingProject                                                                          :        1 samples, Peak.  48.0 ms (1.0x), Avg.  48.0 ms, Total. 48.01 ms (0.2%)
[Performance] Application.InitializeMenu                                                                                     :        1 samples, Peak.  1.06 s (1.0x), Avg.  1.06 s, Total. 1.064 s (4.3%)
[Performance] Menu.RebuildAll                                                                                                :        1 samples, Peak.  1.06 s (1.0x), Avg.  1.06 s, Total. 1.064 s (4.3%)
[Performance] Menu.BuildRegisteredMenuInterfaces                                                                             :        1 samples, Peak.  1.06 s (1.0x), Avg.  1.06 s, Total. 1.061 s (4.3%)
[Performance] Menu.FilterMenuItem                                                                                            :     1255 samples, Peak.  49.2 ms (1238.7x), Avg.  39.7 us, Total. 49.84 ms (0.2%)
[Performance] UpdateAllMenus                                                                                                 :        1 samples, Peak.   489 us (1.0x), Avg.   489 us, Total. 488.9 us (0.0%)
[Performance] Menu.RebuildOSMainMenu                                                                                         :        2 samples, Peak.  2.94 ms (1.1x), Avg.  2.63 ms, Total. 5.266 ms (0.0%)
[Performance] EditorSceneManager.sceneClosing: UnityEditor.SceneVisibilityManager.EditorSceneManagerOnSceneClosing           :        1 samples, Peak.   240 us (1.0x), Avg.   240 us, Total. 240.0 us (0.0%)
[Performance] GUIView.RepaintAll.PlayerLoopController                                                                        :        1 samples, Peak.   800 ns (1.0x), Avg.   800 ns, Total. 800.0 ns (0.0%)
[Performance] EditorSceneManager.newSceneCreated: UnityEditor.SceneTemplate.SceneTemplateService.OnNewSceneCreated           :        1 samples, Peak.   241 us (1.0x), Avg.   241 us, Total. 241.4 us (0.0%)
[Performance] EditorSceneManager.newSceneCreated: UnityEditor.SceneVisibilityManager.EditorSceneManagerOnNewSceneCreated     :        1 samples, Peak.   196 us (1.0x), Avg.   196 us, Total. 196.4 us (0.0%)
[Performance] EditorSceneManager.newSceneCreated: UnityEditor.SceneManagement.StageNavigationManager.OnNewSceneCreated       :        1 samples, Peak.  54.3 us (1.0x), Avg.  54.3 us, Total. 54.30 us (0.0%)
[Performance] Application.InvokeFinishedLoadingProject                                                                       :        1 samples, Peak.  37.6 ms (1.0x), Avg.  37.6 ms, Total. 37.60 ms (0.2%)
[Performance] ProcessService.OnProjectLoaded                                                                                 :        1 samples, Peak.  42.4 us (1.0x), Avg.  42.4 us, Total. 42.40 us (0.0%)
[Performance] AssetDatabase.Refresh                                                                                          :        3 samples, Peak.   143 ms (2.7x), Avg.  52.0 ms, Total. 156.1 ms (0.6%)
[Performance] ScriptTemplateProcessor.OnWillCreateAsset                                                                      :        3 samples, Peak.   287 us (2.4x), Avg.   120 us, Total. 360.6 us (0.0%)
[Performance] MaterialModificationProcessor.OnWillCreateAsset                                                                :        6 samples, Peak.   140 us (2.2x), Avg.  64.5 us, Total. 387.1 us (0.0%)
[Performance] BuilderAssetModificationProcessor.OnWillCreateAsset                                                            :        3 samples, Peak.   318 us (2.6x), Avg.   122 us, Total. 365.4 us (0.0%)
[Performance] ModelImporter.Import                                                                                           :        1 samples, Peak.  33.8 ms (1.0x), Avg.  33.8 ms, Total. 33.82 ms (0.1%)
[Performance] FBXMaterialDescriptionPreprocessor.OnPreprocessMaterialDescription                                             :        2 samples, Peak.  2.39 ms (1.3x), Avg.  1.87 ms, Total. 3.747 ms (0.0%)
[Performance] SketchupMaterialDescriptionPreprocessor.OnPreprocessMaterialDescription                                        :        2 samples, Peak.   270 us (1.6x), Avg.   167 us, Total. 334.7 us (0.0%)
[Performance] ThreeDSMaterialDescriptionPreprocessor.OnPreprocessMaterialDescription                                         :        2 samples, Peak.   309 us (1.7x), Avg.   180 us, Total. 360.9 us (0.0%)
[Performance] AutodeskInteractiveMaterialImport.OnPreprocessMaterialDescription                                              :        1 samples, Peak.   903 us (1.0x), Avg.   903 us, Total. 903.5 us (0.0%)
[Performance] FBXArnoldSurfaceMaterialDescriptionPreprocessor.OnPreprocessMaterialDescription                                :        1 samples, Peak.   180 us (1.0x), Avg.   180 us, Total. 179.8 us (0.0%)
[Performance] PhysicalMaterial3DsMaxPreprocessor.OnPreprocessMaterialDescription                                             :        1 samples, Peak.   159 us (1.0x), Avg.   159 us, Total. 159.3 us (0.0%)
[Performance] ModelPostprocessor.OnPostprocessModel                                                                          :        1 samples, Peak.  3.15 ms (1.0x), Avg.  3.15 ms, Total. 3.146 ms (0.0%)
[Performance] TreeAOImporter.OnPostprocessModel                                                                              :        1 samples, Peak.   415 us (1.0x), Avg.   415 us, Total. 414.6 us (0.0%)
[Performance] StateMacroSavedEvent.OnWillSaveAssets                                                                          :        6 samples, Peak.   228 us (4.8x), Avg.  47.9 us, Total. 287.2 us (0.0%)
[Performance] FlowMacroSavedEvent.OnWillSaveAssets                                                                           :        6 samples, Peak.   148 us (5.5x), Avg.  27.1 us, Total. 162.7 us (0.0%)
[Performance] AssetModificationProcessor.OnWillSaveAssets                                                                    :        6 samples, Peak.   351 us (5.8x), Avg.  60.9 us, Total. 365.4 us (0.0%)
[Performance] UnityCloudProjectLinkMonitor.OnWillSaveAssets                                                                  :        6 samples, Peak.   306 us (5.9x), Avg.  52.1 us, Total. 312.7 us (0.0%)
[Performance] BuilderAssetModificationProcessor.OnWillSaveAssets                                                             :        6 samples, Peak.   169 us (5.5x), Avg.  30.7 us, Total. 184.2 us (0.0%)
[Performance] TerrainModificationProcessor.OnWillSaveAssets                                                                  :        6 samples, Peak.   571 us (5.9x), Avg.  97.1 us, Total. 582.5 us (0.0%)
[Performance] AssetDatabase.DeleteAssets                                                                                     :        1 samples, Peak.  62.5 ms (1.0x), Avg.  62.5 ms, Total. 62.54 ms (0.3%)
[Performance] InputActionAssetModificationProcessor.OnWillDeleteAsset                                                        :        1 samples, Peak.   187 us (1.0x), Avg.   187 us, Total. 186.7 us (0.0%)
[Performance] LocalizationAssetModificationProcessor.OnWillDeleteAsset                                                       :        1 samples, Peak.   249 us (1.0x), Avg.   249 us, Total. 249.1 us (0.0%)
[Performance] BuilderAssetModificationProcessor.OnWillDeleteAsset                                                            :        1 samples, Peak.   223 us (1.0x), Avg.   223 us, Total. 222.9 us (0.0%)
[Performance] TMP_FontAssetPostProcessor.OnWillDeleteAsset                                                                   :        1 samples, Peak.   139 us (1.0x), Avg.   139 us, Total. 139.1 us (0.0%)
[Performance] CancelSplashScreenOnAssetDelete.OnWillDeleteAsset                                                              :        1 samples, Peak.  96.6 us (1.0x), Avg.  96.6 us, Total. 96.60 us (0.0%)
[Performance] InputActionAssetModificationProcessor.OnWillMoveAsset                                                          :        1 samples, Peak.   161 us (1.0x), Avg.   161 us, Total. 160.7 us (0.0%)
[Performance] BuilderAssetModificationProcessor.OnWillMoveAsset                                                              :        1 samples, Peak.   236 us (1.0x), Avg.   236 us, Total. 236.3 us (0.0%)
[Performance] EditorApplication.quitting: Unity.Burst.Editor.BurstLoader.OnEditorApplicationQuitting                         :        1 samples, Peak.  49.9 us (1.0x), Avg.  49.9 us, Total. 49.90 us (0.0%)
[Performance] EditorApplication.quitting: callback in UnityEditor.TextCore.Text.EditorEventCallbacks                         :        1 samples, Peak.  65.0 ms (1.0x), Avg.  65.0 ms, Total. 64.99 ms (0.3%)
[Performance] Killing ADB server                                                                                             :        1 samples, Peak.   144 ms (1.0x), Avg.   144 ms, Total. 144.4 ms (0.6%)
[Performance] Application.Shutdown.PauseProfilerSession                                                                      :        1 samples, Peak.  28.5 us (1.0x), Avg.  28.5 us, Total. 28.50 us (0.0%)
[Performance] Application.Shutdown.PauseAssetImportWorkers                                                                   :        1 samples, Peak.   288 us (1.0x), Avg.   288 us, Total. 288.4 us (0.0%)
[Performance] Application.Shutdown.SaveAssets                                                                                :        1 samples, Peak.   649 us (1.0x), Avg.   649 us, Total. 649.3 us (0.0%)
[Performance] Application.Shutdown.CleanupRenderPipeline                                                                     :        1 samples, Peak.  2.20 us (1.0x), Avg.  2.20 us, Total. 2.200 us (0.0%)
[Performance] Application.Shutdown.StopPreloadManager                                                                        :        1 samples, Peak.  10.0 ms (1.0x), Avg.  10.0 ms, Total. 10.04 ms (0.0%)
[Performance] Application.Shutdown.DestroyWorld                                                                              :        1 samples, Peak.  1.09 ms (1.0x), Avg.  1.09 ms, Total. 1.088 ms (0.0%)
[Performance] Application.Shutdown.CleanupAfterLoad                                                                          :        1 samples, Peak.   219 ms (1.0x), Avg.   219 ms, Total. 218.7 ms (0.9%)
[Performance] Application.Shutdown.Progress                                                                                  :        1 samples, Peak.  11.5 us (1.0x), Avg.  11.5 us, Total. 11.50 us (0.0%)
[Performance] Application.Shutdown.GICleanupManagers                                                                         :        1 samples, Peak.   536 us (1.0x), Avg.   536 us, Total. 535.7 us (0.0%)
[Performance] Application.Shutdown.MenuCleanupClass                                                                          :        1 samples, Peak.   630 us (1.0x), Avg.   630 us, Total. 629.9 us (0.0%)
[Performance] Application.Shutdown.ADBSaveStateBeforeShutdown                                                                :        1 samples, Peak.  7.20 us (1.0x), Avg.  7.20 us, Total. 7.200 us (0.0%)
[Performance] Application.Shutdown.RemoteShutdown                                                                            :        1 samples, Peak.   700 ns (1.0x), Avg.   700 ns, Total. 700.0 ns (0.0%)
[Performance] Application.Shutdown.CleanupVCProvider                                                                         :        1 samples, Peak.  9.70 us (1.0x), Avg.  9.70 us, Total. 9.700 us (0.0%)
[Performance] Application.Shutdown.InputShutdown                                                                             :        1 samples, Peak.  2.40 us (1.0x), Avg.  2.40 us, Total. 2.400 us (0.0%)
[Performance] Application.Shutdown.GizmoManagerDestroy                                                                       :        1 samples, Peak.   815 us (1.0x), Avg.   815 us, Total. 815.4 us (0.0%)
[Performance] Application.Shutdown.ProfilerSession                                                                           :        1 samples, Peak.   193 us (1.0x), Avg.   193 us, Total. 192.8 us (0.0%)
[Performance] Application.Shutdown.ReleaseGfxWindowOnAllGUIViews                                                             :        1 samples, Peak.   300 ns (1.0x), Avg.   300 ns, Total. 300.0 ns (0.0%)
[Performance] Application.Shutdown.CleanupEngine                                                                             :        1 samples, Peak.   109 ms (1.0x), Avg.   109 ms, Total. 108.8 ms (0.4%)
[Performance] Application.Shutdown.CleanupAssetDatabase                                                                      :        1 samples, Peak.  11.8 ms (1.0x), Avg.  11.8 ms, Total. 11.82 ms (0.0%)
[Performance] Application.Shutdown.ScriptCompilationCleanUp                                                                  :        1 samples, Peak.  8.11 ms (1.0x), Avg.  8.11 ms, Total. 8.112 ms (0.0%)
[Performance] Application.Shutdown.DestroyJobSystem                                                                          :        1 samples, Peak.  86.4 us (1.0x), Avg.  86.4 us, Total. 86.40 us (0.0%)
[Performance] Application.Shutdown.CleanupPersistentManager                                                                  :        1 samples, Peak.   753 us (1.0x), Avg.   753 us, Total. 752.7 us (0.0%)
[Performance] Application.Shutdown.CleanupAsyncReadManager                                                                   :        1 samples, Peak.   244 us (1.0x), Avg.   244 us, Total. 243.7 us (0.0%)
[Performance] Application.Shutdown.CleanupProgressBar                                                                        :        1 samples, Peak.   300 ns (1.0x), Avg.   300 ns, Total. 300.0 ns (0.0%)
[Performance] Application.Shutdown.CleanupMono                                                                               :        1 samples, Peak.   346 ms (1.0x), Avg.   346 ms, Total. 346.1 ms (1.4%)
[Performance] Application.Shutdown.CleanupStdConverters                                                                      :        1 samples, Peak.  6.30 us (1.0x), Avg.  6.30 us, Total. 6.300 us (0.0%)
[Performance] Application.Shutdown.UnloadAllPlatformSupportModuleNativeDlls                                                  :        1 samples, Peak.   300 ns (1.0x), Avg.   300 ns, Total. 300.0 ns (0.0%)
[Performance] Application.Shutdown.UnloadAllPlatformSupportNativeLibraries                                                   :        1 samples, Peak.  1.44 s (1.0x), Avg.  1.44 s, Total. 1.441 s (5.8%)
[Performance] Application.Shutdown.CleanupAutoDocumentation                                                                  :        1 samples, Peak.  1.54 ms (1.0x), Avg.  1.54 ms, Total. 1.541 ms (0.0%)
[Performance] Application.Shutdown.ShaderNameManagerDestroy                                                                  :        1 samples, Peak.   200 us (1.0x), Avg.   200 us, Total. 200.2 us (0.0%)
[Performance] Application.Shutdown.CleanupCacheServer                                                                        :        1 samples, Peak.   600 ns (1.0x), Avg.   600 ns, Total. 600.0 ns (0.0%)
[Performance] Application.Shutdown.Virtualization_Shutdown                                                                   :        1 samples, Peak.   500 ns (1.0x), Avg.   500 ns, Total. 500.0 ns (0.0%)
[Performance] Application.Shutdown.DevConnections                                                                            :        1 samples, Peak.   205 us (1.0x), Avg.   205 us, Total. 205.1 us (0.0%)
Exiting batchmode successfully now!
Exiting without the bug reporter. Application will terminate with return code 0